"Colony","Nest","Day","ScaledX","ScaledY","Bin","ScaledDist","Density","Sex","Ratio","Corner"
11,"Tube",12,6.407945953,3.569987209,7,0.755247986051793,"Low","M",1,"Y"
11,"Tube",12,4.478563616,1.98297566,8,0.977461736089481,"Low","M",1,"N"
11,"Tube",13,6.06314519,3.72825766,6,0.720277176870108,"Low","M",1,"Y"
11,"Tube",13,6.537055516,3.294681334,7,0.773441457347042,"Low","M",1,"Y"
11,"Tube",13,5.884168026,1.751954027,8,0.887581891457626,"Low","M",1,"N"
11,"Tube",13,5.125408983,1.740610444,8,0.934997309312762,"Low","M",1,"N"
12,"Tube",3,2.271891096,1.547706034,2,0.221994593520295,"Low","M",0.863636363636364,"N"
12,"Tube",3,2.132082414,1.676477189,2,0.236551086119154,"Low","M",0.863636363636364,"N"
12,"Tube",3,1.440397351,2.857492642,3,0.366949887263728,"Low","F",0.863636363636364,"Y"
12,"Tube",3,1.609639441,2.872209345,3,0.364852188665974,"Low","M",0.863636363636364,"Y"
12,"Tube",3,2.514716703,3.405689845,4,0.452542634900463,"Low","M",0.863636363636364,"Y"
12,"Tube",3,3.062301325,3.357247976,5,0.496038924698468,"Low","F",0.863636363636364,"N"
12,"Tube",3,3.460264901,3.379935614,5,0.530668950923799,"Low","M",0.863636363636364,"N"
12,"Tube",3,3.302060338,3.162864238,5,0.513629671330135,"Low","M",0.863636363636364,"N"
12,"Tube",3,3.519131714,3.218051876,5,0.533283808040956,"Low","M",0.863636363636364,"N"
12,"Tube",3,3.651582046,3.427764901,5,0.548116039305947,"Low","M",0.863636363636364,"N"
12,"Tube",3,3.732523915,3.44616078,5,0.555461009576424,"Low","M",0.863636363636364,"N"
12,"Tube",3,4.245768948,3.210080942,5,0.597144766252085,"Low","M",0.863636363636364,"N"
12,"Tube",3,4.078979029,3.462717071,5,0.585733754180148,"Low","M",0.863636363636364,"N"
12,"Tube",3,4.623497057,3.251777042,6,0.630764921572575,"Low","M",0.863636363636364,"Y"
12,"Tube",3,4.711797277,3.364606328,6,0.639612752871,"Low","F",0.863636363636364,"Y"
12,"Tube",3,4.802551508,3.433283664,6,0.648388886922991,"Low","M",0.863636363636364,"Y"
12,"Tube",3,5.887293966,3.137110007,6,0.741777823212171,"Low","M",0.863636363636364,"Y"
12,"Tube",3,5.529188742,3.419179544,6,0.712003507759441,"Low","M",0.863636363636364,"Y"
12,"Tube",3,6.33124908,2.330143488,7,0.821204465894746,"Low","M",0.863636363636364,"Y"
12,"Tube",3,6.046725533,1.721854305,7,0.862305132150153,"Low","M",0.863636363636364,"Y"
12,"Tube",3,4.514348786,1.680156365,8,0.96824378719648,"Low","M",0.863636363636364,"N"
12,"Tube",3,4.470198675,1.794210817,8,0.971337474474491,"Low","F",0.863636363636364,"N"
12,"Tube",5,2.485261606,1.674649963,2,0.206655952237881,"Low","M",0.793103448275862,"N"
12,"Tube",5,2.278924097,1.549373618,2,0.221408704667309,"Low","M",0.793103448275862,"N"
12,"Tube",5,2.094694178,1.748341931,2,0.241490497416482,"Low","M",0.793103448275862,"N"
12,"Tube",5,2.005650332,1.556129329,2,0.245359895548303,"Low","M",0.793103448275862,"N"
12,"Tube",5,1.642102063,1.887743183,3,0.283763244405561,"Low","M",0.793103448275862,"Y"
12,"Tube",5,1.433308769,1.946696758,3,0.302896113349727,"Low","F",0.793103448275862,"Y"
12,"Tube",5,1.421026161,2.516580693,3,0.339554550410654,"Low","F",0.793103448275862,"Y"
12,"Tube",5,1.548760133,2.256203021,3,0.313892938079695,"Low","F",0.793103448275862,"Y"
12,"Tube",5,1.531564112,2.663964628,3,0.348233366501415,"Low","M",0.793103448275862,"Y"
12,"Tube",5,1.656840457,3.160156595,4,0.389709463204832,"Low","M",0.793103448275862,"Y"
12,"Tube",5,1.62736367,3.280521371,4,0.400546522910202,"Low","M",0.793103448275862,"Y"
12,"Tube",5,1.696144068,3.440186072,4,0.414235958210613,"Low","M",0.793103448275862,"Y"
12,"Tube",5,1.784574429,3.133137436,4,0.389269680716935,"Low","M",0.793103448275862,"Y"
12,"Tube",5,2.6958972,3.422991894,4,0.467549136476695,"Low","F",0.793103448275862,"Y"
12,"Tube",5,3.266396463,3.253500368,5,0.511636619206657,"Low","M",0.793103448275862,"N"
12,"Tube",5,4.003316139,3.131908622,5,0.575230141481901,"Low","M",0.793103448275862,"N"
12,"Tube",5,4.20412675,3.406411201,5,0.595707182717121,"Low","F",0.793103448275862,"N"
12,"Tube",5,4.745762712,3.246131172,6,0.641498338984268,"Low","M",0.793103448275862,"Y"
12,"Tube",5,4.913411938,3.161385409,6,0.655778631302253,"Low","M",0.793103448275862,"Y"
12,"Tube",5,5.138785925,3.187177598,6,0.675817808613638,"Low","M",0.793103448275862,"Y"
12,"Tube",5,5.447678703,3.225865881,6,0.703308431624818,"Low","F",0.793103448275862,"Y"
12,"Tube",5,6.162490789,3.026897568,6,0.765914906966001,"Low","M",0.793103448275862,"Y"
12,"Tube",5,6.011422255,2.827929256,7,0.769051292402838,"Low","M",0.793103448275862,"Y"
12,"Tube",5,6.188282977,2.072586588,7,0.835473096579837,"Low","M",0.793103448275862,"Y"
12,"Tube",5,6.29513633,1.5899042,7,0.878921045559005,"Low","M",0.793103448275862,"Y"
12,"Tube",5,6.092483419,1.578850405,7,0.875469295612144,"Low","M",0.793103448275862,"Y"
12,"Tube",5,5.788504053,1.717022845,7,0.861142322188309,"Low","F",0.793103448275862,"Y"
12,"Tube",5,5.683492999,1.62736367,7,0.869660843319758,"Low","M",0.793103448275862,"Y"
12,"Tube",5,4.568288504,1.60525608,8,0.964550593668629,"Low","M",0.793103448275862,"N"
12,"Tube",7,3.129657228,1.732488823,2,0.163098637000657,"Low","M",0.818181818181818,"N"
12,"Tube",7,2.431073025,1.467958271,2,0.206996522576038,"Low","M",0.818181818181818,"N"
12,"Tube",7,2.468330849,1.602086438,2,0.206111307650288,"Low","M",0.818181818181818,"N"
12,"Tube",7,2.274590164,1.795827124,2,0.227912133034106,"Low","M",0.818181818181818,"N"
12,"Tube",7,1.69709389,1.531296572,3,0.272156978288747,"Low","M",0.818181818181818,"Y"
12,"Tube",7,1.702682563,1.676602086,3,0.273604812509891,"Low","M",0.818181818181818,"Y"
12,"Tube",7,1.779061103,2.492548435,3,0.330275672612071,"Low","M",0.818181818181818,"Y"
12,"Tube",7,1.467958271,3.026266766,4,0.380672192283285,"Low","M",0.818181818181818,"Y"
12,"Tube",7,1.663561848,3.177160954,4,0.39116394835651,"Low","M",0.818181818181818,"Y"
12,"Tube",7,1.757637854,3.237704918,4,0.396196503192116,"Low","M",0.818181818181818,"Y"
12,"Tube",7,1.576005961,3.393256334,4,0.410949731184989,"Low","M",0.818181818181818,"Y"
12,"Tube",7,2.755836438,3.392945231,4,0.471361016103224,"Low","M",0.818181818181818,"Y"
12,"Tube",7,3.845007452,3.446348733,5,0.565176329073472,"Low","M",0.818181818181818,"N"
12,"Tube",7,4.04247392,3.103576751,5,0.578549981331583,"Low","F",0.818181818181818,"N"
12,"Tube",7,3.85494225,3.269994411,5,0.563344262680556,"Low","M",0.818181818181818,"N"
12,"Tube",7,4.294584575,3.227770119,5,0.601588018744944,"Low","M",0.818181818181818,"N"
12,"Tube",7,4.226279806,3.410333458,5,0.597697897206454,"Low","F",0.818181818181818,"N"
12,"Tube",7,4.664679583,3.461251863,6,0.636705527786157,"Low","M",0.818181818181818,"Y"
12,"Tube",7,4.476527571,3.30942623,5,0.618356414716618,"Low","M",0.818181818181818,"N"
12,"Tube",7,4.458830104,3.188338301,5,0.615783507697544,"Low","M",0.818181818181818,"N"
12,"Tube",7,4.680514158,3.11661699,6,0.63500241997742,"Low","M",0.818181818181818,"Y"
12,"Tube",7,4.603204173,3.233979136,6,0.628837907555905,"Low","M",0.818181818181818,"Y"
12,"Tube",7,4.743852459,3.36438152,6,0.642424591847589,"Low","F",0.818181818181818,"Y"
12,"Tube",7,5.137853949,3.19485842,6,0.67577556281715,"Low","M",0.818181818181818,"Y"
12,"Tube",7,5.320417288,3.316877794,6,0.692702143091568,"Low","F",0.818181818181818,"Y"
12,"Tube",7,5.448956781,3.376490313,6,0.704536469759859,"Low","M",0.818181818181818,"Y"
12,"Tube",7,5.607302534,3.414679583,6,0.718828609436779,"Low","M",0.818181818181818,"Y"
12,"Tube",7,5.763785395,3.245776826,6,0.731335429062068,"Low","M",0.818181818181818,"Y"
12,"Tube",7,6.223919523,2.786264903,7,0.785945943627715,"Low","F",0.818181818181818,"Y"
12,"Tube",7,6.127980626,2.378912072,7,0.808385478233554,"Low","M",0.818181818181818,"Y"
12,"Tube",7,5.650149031,1.421385991,8,0.891735528689597,"Low","F",0.818181818181818,"N"
12,"Tube",7,5.555761923,1.618852459,8,0.882363022466825,"Low","M",0.818181818181818,"N"
12,"Tube",7,5.273845007,1.477272727,8,0.909897179854202,"Low","F",0.818181818181818,"N"
12,"Tube",8,2.833709617,1.508264463,2,0.17274340443517,"Low","M",0.833333333333333,"N"
12,"Tube",8,2.638367769,1.703606311,2,0.195161480291284,"Low","M",0.833333333333333,"N"
12,"Tube",8,2.426746807,1.527047333,2,0.208187334588315,"Low","F",0.833333333333333,"N"
12,"Tube",8,2.114951165,1.671675432,2,0.237911252109226,"Low","M",0.833333333333333,"N"
12,"Tube",8,1.987227648,1.607813674,2,0.247730344768021,"Low","M",0.833333333333333,"N"
12,"Tube",8,1.631605935,1.681692337,3,0.279865193829546,"Low","M",0.833333333333333,"Y"
12,"Tube",8,1.606560856,1.862007889,3,0.286145492758762,"Low","M",0.833333333333333,"Y"
12,"Tube",8,1.476333584,1.937139369,3,0.299021779356731,"Low","M",0.833333333333333,"Y"
12,"Tube",8,1.408715252,1.714250563,3,0.299780667444667,"Low","M",0.833333333333333,"Y"
12,"Tube",8,1.606560856,2.645880917,3,0.345150485502745,"Low","M",0.833333333333333,"Y"
12,"Tube",8,1.646632231,2.796143877,3,0.357744412820925,"Low","M",0.833333333333333,"Y"
12,"Tube",8,1.704231781,2.936388054,3,0.369671545695789,"Low","?",0.833333333333333,"Y"
12,"Tube",8,3.219383922,3.089782119,5,0.505765843845415,"Low","M",0.833333333333333,"N"
12,"Tube",8,3.50864012,3.258827949,5,0.532868193103386,"Low","M",0.833333333333333,"N"
12,"Tube",8,3.726521412,3.146130729,5,0.550886000881547,"Low","M",0.833333333333333,"N"
12,"Tube",8,4.228024042,3.166791886,5,0.595275797373385,"Low","M",0.833333333333333,"N"
12,"Tube",8,4.325694966,3.18933133,5,0.604042275071638,"Low","M",0.833333333333333,"N"
12,"Tube",8,4.145379414,3.155522164,5,0.587911007071124,"Low","M",0.833333333333333,"N"
12,"Tube",8,4.483471074,3.266341097,5,0.618553946285463,"Low","M",0.833333333333333,"N"
12,"Tube",8,4.622464313,3.347107438,6,0.631576639526854,"Low","M",0.833333333333333,"Y"
12,"Tube",8,4.911720511,3.178061608,6,0.655712507118932,"Low","F",0.833333333333333,"Y"
12,"Tube",8,6.157024793,3.260706236,6,0.766147062140376,"Low","M",0.833333333333333,"Y"
12,"Tube",8,6.072501878,2.806160781,7,0.774208770089036,"Low","F",0.833333333333333,"Y"
12,"Tube",8,6.339218633,2.723516153,7,0.797543128535865,"Low","F",0.833333333333333,"Y"
12,"Tube",8,6.239669421,2.511269722,7,0.803517238437664,"Low","M",0.833333333333333,"Y"
12,"Tube",8,6.228399699,2.227648385,7,0.824296775722333,"Low","?",0.833333333333333,"Y"
12,"Tube",8,6.164537941,1.863260706,7,0.852403805888456,"Low","M",0.833333333333333,"Y"
12,"Tube",8,6.059353869,1.897069872,7,0.84726656004166,"Low","M",0.833333333333333,"Y"
12,"Tube",8,5.929752066,1.769346356,7,0.856845973235561,"Low","M",0.833333333333333,"Y"
12,"Tube",8,6.006761833,1.681066867,7,0.865346538821887,"Low","M",0.833333333333333,"Y"
12,"Tube",8,6.068745304,1.669797145,7,0.867176438721656,"Low","M",0.833333333333333,"Y"
12,"Tube",8,6.188955672,1.718632607,7,0.86530755272703,"Low","M",0.833333333333333,"Y"
12,"Tube",8,6.337340346,1.536438768,7,0.884589433332979,"Low","M",0.833333333333333,"Y"
12,"Tube",8,5.546581518,1.474455297,8,0.892227353521437,"Low","F",0.833333333333333,"N"
12,"Tube",8,4.83095417,1.489481593,8,0.944729712084726,"Low","M",0.833333333333333,"N"
12,"Tube",8,4.370773854,1.645379414,8,0.981239268777616,"Low","M",0.833333333333333,"N"
12,"Tube",9,3.14875731,1.763523392,2,0.164599621812856,"Low","M",0.833333333333333,"N"
12,"Tube",9,2.775950292,1.449195906,2,0.176556412162388,"Low","M",0.833333333333333,"N"
12,"Tube",9,2.543859649,1.631335892,2,0.20048997724474,"Low","M",0.833333333333333,"N"
12,"Tube",9,2.135721857,1.705652412,2,0.236927241102,"Low","M",0.833333333333333,"N"
12,"Tube",9,2.009014985,1.502192982,2,0.244439975673838,"Low","M",0.833333333333333,"N"
12,"Tube",9,1.614278143,1.660575658,3,0.281034794006067,"Low","M",0.833333333333333,"Y"
12,"Tube",9,1.775096857,1.689815424,3,0.267561475570341,"Low","M",0.833333333333333,"Y"
12,"Tube",9,1.49122807,1.987085161,3,0.299646979579558,"Low","M",0.833333333333333,"Y"
12,"Tube",9,1.695906433,2.411061769,3,0.323392833282057,"Low","M",0.833333333333333,"Y"
12,"Tube",9,1.733675073,2.670564693,3,0.346056251045042,"Low","M",0.833333333333333,"Y"
12,"Tube",9,3.076876827,3.15911367,5,0.49380416360091,"Low","F",0.833333333333333,"N"
12,"Tube",9,3.149976243,3.402777778,5,0.504610686500161,"Low","F",0.833333333333333,"N"
12,"Tube",9,4.449318348,3.435672515,5,0.617533223881616,"Low","M",0.833333333333333,"N"
12,"Tube",9,4.356725146,3.205409357,5,0.606892526969065,"Low","M",0.833333333333333,"N"
12,"Tube",9,5.404482822,3.333333333,6,0.700243514929363,"Low","F",0.833333333333333,"Y"
12,"Tube",9,5.910696272,3.206017909,6,0.744111622030257,"Low","M",0.833333333333333,"Y"
12,"Tube",9,6.013035453,3.098806652,6,0.752796992809532,"Low","M",0.833333333333333,"Y"
12,"Tube",9,6.065423977,2.72721674,7,0.77896667761608,"Low","M",0.833333333333333,"Y"
12,"Tube",9,5.958210892,2.057139985,7,0.831792984892843,"Low","F",0.833333333333333,"Y"
12,"Tube",9,6.215277778,1.923123173,7,0.848721025488035,"Low","M",0.833333333333333,"Y"
12,"Tube",9,6.077607822,1.627070541,7,0.87103618449488,"Low","M",0.833333333333333,"Y"
12,"Tube",9,5.970394737,1.628289474,7,0.869606848111326,"Low","M",0.833333333333333,"Y"
12,"Tube",9,5.810794956,1.508894371,7,0.87951969078362,"Low","M",0.833333333333333,"Y"
12,"Tube",9,5.907041301,1.507675439,7,0.87981398455294,"Low","M",0.833333333333333,"Y"
12,"Tube",9,5.280824196,1.650219298,8,0.902457155744549,"Low","M",0.833333333333333,"N"
12,"Tube",9,5.107821637,1.630725512,8,0.917555919501479,"Low","M",0.833333333333333,"N"
12,"Tube",9,5.081017909,1.736719664,8,0.917876871405125,"Low","M",0.833333333333333,"N"
12,"Tube",9,5.145590278,1.46747076,8,0.920060026711459,"Low","M",0.833333333333333,"N"
12,"Tube",9,4.574195906,1.617324561,8,0.96384262024956,"Low","M",0.833333333333333,"N"
12,"Tube",9,4.464546784,1.67093019,8,0.972717954549545,"Low","M",0.833333333333333,"N"
12,"Tube",10,2.674475642,1.746621421,2,0.194097233845676,"Low","M",0.9,"N"
12,"Tube",10,2.756290443,1.5681164,2,0.180897175033596,"Low","M",0.9,"N"
12,"Tube",10,2.637287096,1.47886389,2,0.189094108725344,"Low","M",0.9,"N"
12,"Tube",10,2.386885459,1.671625139,2,0.214795016161278,"Low","M",0.9,"N"
12,"Tube",10,2.317465601,1.524111194,2,0.217664475522603,"Low","M",0.9,"N"
12,"Tube",10,1.962936036,1.520392339,2,0.248677080473858,"Low","M",0.9,"N"
12,"Tube",10,1.646833395,1.59600781,3,0.277286250762681,"Low","M",0.9,"Y"
12,"Tube",10,1.504276683,1.956117516,3,0.297369121580396,"Low","M",0.9,"Y"
12,"Tube",10,1.729267386,2.114168836,3,0.296956583218197,"Low","M",0.9,"Y"
12,"Tube",10,1.413164745,2.984380811,4,0.378388074943239,"Low","M",0.9,"Y"
12,"Tube",10,1.57493492,2.861658609,3,0.364432601247163,"Low","M",0.9,"Y"
12,"Tube",10,1.736705095,2.876534028,3,0.364265826339925,"Low","F",0.9,"Y"
12,"Tube",10,2.639146523,3.160407215,4,0.455555004858991,"Low","M",0.9,"Y"
12,"Tube",10,2.820132019,3.237262923,4,0.47263665249992,"Low","M",0.9,"Y"
12,"Tube",10,2.941613983,3.373620305,4,0.486235145148645,"Low","F",0.9,"Y"
12,"Tube",10,3.068055039,3.326515433,5,0.495824230267197,"Low","M",0.9,"N"
12,"Tube",10,3.231684641,3.23912235,5,0.508394285403736,"Low","M",0.9,"N"
12,"Tube",10,3.393454816,3.213090368,5,0.522201443320732,"Low","M",0.9,"N"
12,"Tube",10,3.774637412,3.402751952,5,0.558286077894982,"Low","M",0.9,"N"
12,"Tube",10,4.303333953,3.206271848,5,0.602190773626041,"Low","M",0.9,"N"
12,"Tube",10,3.901697657,3.407089996,5,0.569387636160981,"Low","M",0.9,"N"
12,"Tube",10,4.660343994,3.362463741,6,0.635072249987246,"Low","F",0.9,"Y"
12,"Tube",10,4.849386389,3.188917813,6,0.65026613980422,"Low","M",0.9,"Y"
12,"Tube",10,6.105740052,2.458782075,7,0.801153751087327,"Low","M",0.9,"Y"
12,"Tube",10,6.161522871,2.213337672,7,0.823011974883821,"Low","M",0.9,"Y"
12,"Tube",10,6.05243585,2.13896058,7,0.826259591994388,"Low","M",0.9,"Y"
12,"Tube",10,5.840461138,1.775753068,7,0.8559077302799,"Low","M",0.9,"Y"
12,"Tube",10,5.973099665,1.56129974,7,0.875528500319142,"Low","M",0.9,"Y"
12,"Tube",10,5.742530681,1.453452956,7,0.884611142001467,"Low","M",0.9,"Y"
12,"Tube",11,3.021776813,1.613797205,2,0.161883961615025,"Low","M",0.92,"N"
12,"Tube",11,2.697003399,1.590507931,2,0.18650398938604,"Low","M",0.92,"N"
12,"Tube",11,2.455311556,1.679884819,2,0.209305095999083,"Low","M",0.92,"N"
12,"Tube",11,2.076410498,1.518126888,2,0.238689759072187,"Low","M",0.92,"N"
12,"Tube",11,2.043680136,1.385951662,2,0.240656289064178,"Low","M",0.92,"N"
12,"Tube",11,1.694990559,1.560927115,3,0.272648262384343,"Low","M",0.92,"Y"
12,"Tube",11,1.547709592,2.561682402,3,0.339140324851351,"Low","M",0.92,"Y"
12,"Tube",11,1.990810045,3.184794184,4,0.403031394214581,"Low","M",0.92,"Y"
12,"Tube",11,1.672331949,3.3081571,4,0.402676604072796,"Low","M",0.92,"Y"
12,"Tube",11,2.609516616,3.160247356,4,0.452979302550436,"Low","M",0.92,"Y"
12,"Tube",11,2.900302115,3.347809668,4,0.482058647770902,"Low","M",0.92,"Y"
12,"Tube",11,4.177996601,3.136329305,5,0.590682228575638,"Low","M",0.92,"N"
12,"Tube",11,4.27366503,3.335220921,5,0.600835223556057,"Low","M",0.92,"N"
12,"Tube",11,4.45367636,3.131293429,5,0.615013787674325,"Low","M",0.92,"N"
12,"Tube",11,4.361782477,3.150175604,5,0.60698932903373,"Low","M",0.92,"N"
12,"Tube",11,5.850641994,3.13255287,6,0.738522488491793,"Low","M",0.92,"Y"
12,"Tube",11,6.093277946,3.183534743,6,0.760154000345206,"Low","M",0.92,"Y"
12,"Tube",11,6.102719033,2.641616314,7,0.787024553752643,"Low","M",0.92,"Y"
12,"Tube",11,5.770392749,2.284743202,7,0.811038112328137,"Low","M",0.92,"Y"
12,"Tube",11,5.777001511,1.53228852,7,0.877512283228547,"Low","F",0.92,"Y"
12,"Tube",11,5.553247734,1.435045317,8,0.894728655832914,"Low","F",0.92,"N"
12,"Tube",11,5.302114804,1.6918429,8,0.899536508699973,"Low","M",0.92,"N"
12,"Tube",11,5.052870091,1.567220544,8,0.923923128155533,"Low","M",0.92,"N"
12,"Tube",11,4.599697885,1.497356495,8,0.964028680527561,"Low","M",0.92,"N"
12,"Tube",11,4.662009063,1.66163142,8,0.955529400755392,"Low","M",0.92,"N"
12,"Tube",12,2.908763278,1.448216995,2,0.164993176953733,"Low","M",0.958333333333333,"N"
12,"Tube",12,2.770295903,1.510811836,2,0.178206335185242,"Low","M",0.958333333333333,"N"
12,"Tube",12,2.341616085,1.597116844,2,0.216854637107672,"Low","M",0.958333333333333,"N"
12,"Tube",12,2.276176024,1.725151745,2,0.225588489066652,"Low","M",0.958333333333333,"N"
12,"Tube",12,1.727996965,1.690060698,3,0.271644507715211,"Low","M",0.958333333333333,"Y"
12,"Tube",12,1.460546282,2.099772382,3,0.30765399100988,"Low","M",0.958333333333333,"Y"
12,"Tube",12,1.663505311,3.019726859,4,0.377276536192711,"Low","M",0.958333333333333,"Y"
12,"Tube",12,1.789643399,3.340288316,4,0.407545432190037,"Low","M",0.958333333333333,"Y"
12,"Tube",12,1.919575114,3.216047041,4,0.400816078253631,"Low","M",0.958333333333333,"Y"
12,"Tube",12,1.783952959,3.106980273,4,0.386977357234341,"Low","M",0.958333333333333,"Y"
12,"Tube",12,2.336874052,3.247344461,4,0.432195594096104,"Low","M",0.958333333333333,"Y"
12,"Tube",12,2.368171472,3.386760243,4,0.440555776041823,"Low","M",0.958333333333333,"Y"
12,"Tube",12,2.763657056,3.383915023,4,0.471708412385984,"Low","M",0.958333333333333,"Y"
12,"Tube",12,3.885622155,3.292867982,5,0.566309474892331,"Low","M",0.958333333333333,"N"
12,"Tube",12,4.146433991,3.070940819,5,0.587622810579284,"Low","M",0.958333333333333,"N"
12,"Tube",12,5.188732929,3.266312595,6,0.680709652485099,"Low","M",0.958333333333333,"Y"
12,"Tube",12,5.548179059,3.353566009,6,0.713071046799833,"Low","M",0.958333333333333,"Y"
12,"Tube",12,5.96452959,3.158194234,6,0.748677293132088,"Low","M",0.958333333333333,"Y"
12,"Tube",12,6.020485584,2.956183612,6,0.753349737874043,"Low","M",0.958333333333333,"Y"
12,"Tube",12,6.195940819,2.009673748,7,0.840931337101334,"Low","F",0.958333333333333,"Y"
12,"Tube",12,5.483687405,1.559180577,8,0.890642869410107,"Low","M",0.958333333333333,"N"
12,"Tube",12,5.032245827,1.488050076,8,0.928229790818438,"Low","M",0.958333333333333,"N"
12,"Tube",12,4.36646434,1.759294385,8,0.980651134968731,"Low","M",0.958333333333333,"N"
12,"Tube",13,3.137480799,1.647465438,2,0.156569930271702,"Low","M",0.961538461538462,"N"
12,"Tube",13,1.98156682,1.572580645,2,0.247690125327215,"Low","M",0.961538461538462,"N"
12,"Tube",13,1.816436252,1.480414747,3,0.261211252648022,"Low","M",0.961538461538462,"Y"
12,"Tube",13,1.572580645,1.927803379,3,0.290834832988119,"Low","M",0.961538461538462,"Y"
12,"Tube",13,1.68202765,1.987327189,3,0.287342765778455,"Low","M",0.961538461538462,"Y"
12,"Tube",13,1.587941628,2.052611367,3,0.296794078382748,"Low","M",0.961538461538462,"Y"
12,"Tube",13,1.499615975,2.15437788,3,0.308712506093913,"Low","M",0.961538461538462,"Y"
12,"Tube",13,1.538018433,2.302227343,3,0.317964443471589,"Low","M",0.961538461538462,"Y"
12,"Tube",13,1.386328725,2.329109063,3,0.327058536330753,"Low","M",0.961538461538462,"Y"
12,"Tube",13,1.505376344,2.724654378,3,0.354032870164567,"Low","M",0.961538461538462,"Y"
12,"Tube",13,2.046850998,3.076036866,4,0.402805753581532,"Low","M",0.961538461538462,"Y"
12,"Tube",13,4.212110215,3.24500768,5,0.59447432763407,"Low","M",0.961538461538462,"N"
12,"Tube",13,4.331157834,3.325652842,5,0.605765950959355,"Low","M",0.961538461538462,"N"
12,"Tube",13,5.584356759,3.200844854,6,0.715251020733999,"Low","M",0.961538461538462,"Y"
12,"Tube",13,5.699564132,3.144521889,6,0.725201687901977,"Low","M",0.961538461538462,"Y"
12,"Tube",13,5.865336022,1.865720046,7,0.847998996001285,"Low","M",0.961538461538462,"Y"
12,"Tube",13,5.569637097,1.787634409,8,0.874495681430945,"Low","M",0.961538461538462,"N"
12,"Tube",13,5.536353687,1.571941244,8,0.886399478541754,"Low","M",0.961538461538462,"N"
12,"Tube",13,4.737582565,1.596261521,8,0.95004309190628,"Low","F",0.961538461538462,"N"
12,"Tube",13,4.873271889,1.557859063,8,0.939287644329158,"Low","M",0.961538461538462,"N"
12,"Tube",13,4.453404378,1.545059524,8,0.975574009458428,"Low","M",0.961538461538462,"N"
12,"Tube",13,4.745263057,1.451612903,8,0.952998542490236,"Low","M",0.961538461538462,"N"
12,"Tube",14,3.151658768,1.652843602,2,0.156184597155571,"Low","M",0.928571428571429,"N"
12,"Tube",14,2.929172591,1.580436414,2,0.167268691139277,"Low","M",0.928571428571429,"N"
12,"Tube",14,2.698789494,1.66864139,2,0.18900357577408,"Low","M",0.928571428571429,"N"
12,"Tube",14,2.173183254,1.480055292,2,0.229785648040358,"Low","M",0.928571428571429,"N"
12,"Tube",14,1.984597156,1.638033175,2,0.248476773871115,"Low","M",0.928571428571429,"N"
12,"Tube",14,1.801935229,1.484004739,3,0.26251679187216,"Low","M",0.928571428571429,"Y"
12,"Tube",14,1.749605055,1.714060032,3,0.270224041181533,"Low","M",0.928571428571429,"Y"
12,"Tube",14,1.69628752,1.956951027,3,0.284378130521859,"Low","F",0.928571428571429,"Y"
12,"Tube",14,1.547195893,1.928317536,3,0.292896490246818,"Low","M",0.928571428571429,"Y"
12,"Tube",14,1.636058452,3.178317536,4,0.391470440277134,"Low","M",0.928571428571429,"Y"
12,"Tube",14,1.57385466,3.284952607,4,0.401464030993677,"Low","M",0.928571428571429,"Y"
12,"Tube",14,3.137835703,3.162519747,5,0.499193688211251,"Low","M",0.928571428571429,"N"
12,"Tube",14,3.56042654,3.089454976,5,0.535886984428161,"Low","M",0.928571428571429,"N"
12,"Tube",14,4.079778831,3.275408768,5,0.583140090663584,"Low","?",0.928571428571429,"N"
12,"Tube",14,5.253751975,3.248420221,6,0.686324797622035,"Low","M",0.928571428571429,"Y"
12,"Tube",14,5.687861374,3.268825039,6,0.724768594234977,"Low","M",0.928571428571429,"Y"
12,"Tube",14,5.685886651,3.206951027,6,0.724251278459688,"Low","M",0.928571428571429,"Y"
12,"Tube",14,5.957083333,2.792916667,7,0.768832725955528,"Low","M",0.928571428571429,"Y"
12,"Tube",14,6.066350711,2.419036335,7,0.802984813967442,"Low","M",0.928571428571429,"Y"
12,"Tube",14,5.41271722,1.71307267,8,0.889623288948979,"Low","M",0.928571428571429,"N"
12,"Tube",14,4.803185229,1.610716825,8,0.944098922976988,"Low","M",0.928571428571429,"N"
13,"Tube",9,5.094304734,1.792714497,6,0.821905962035684,"Low","M",1,"Y"
13,"Tube",10,4.343283582,0.949626866,8,1,"Low","M",1,"N"
13,"Tube",11,4.467840735,0.939892802,8,0.989570081190799,"Low","M",1,"N"
13,"Tube",12,4.083343326,0.991047662,8,1,"Low","M",1,"N"
13,"Tube",13,4.873076923,1.157692308,7,0.89716226434018,"Low","M",1,"Y"
13,"Tube",14,4.382022472,1.059390048,8,0.998688151973896,"Low","M",1,"N"
14,"Tube",12,3.288643533,2.091876972,2,0.137057954663536,"Low","M",1,"N"
14,"Tube",12,4.838984621,4.227129338,5,0.622551277353002,"Low","M",1,"N"
14,"Tube",12,6.687040615,4.465037461,6,0.741584027048756,"Low","M",1,"Y"
14,"Tube",12,6.978180205,3.650763013,7,0.778343836109977,"Low","M",1,"Y"
14,"Tube",12,5.950315457,2.165812303,8,0.8992416921489,"Low","M",1,"N"
14,"Tube",14,2.875,1.987132353,2,0.147973026302196,"Low","M",1,"N"
14,"Tube",14,2.544117647,2.152573529,2,0.171647474978413,"Low","M",1,"N"
14,"Tube",14,2.248161765,4.507352941,4,0.460559667495371,"Low","M",1,"Y"
14,"Tube",14,4.972426471,4.496323529,6,0.632214470047478,"Low","M",1,"Y"
14,"Tube",14,5.491420956,4.351102941,6,0.664668057082994,"Low","M",1,"Y"
14,"Tube",14,5.439950368,4.096200368,6,0.660941139842681,"Low","M",1,"Y"
14,"Tube",14,6.472426471,4.128676471,6,0.727106275407818,"Low","?",1,"Y"
14,"Tube",14,7.125,4.009191176,6,0.768971973744593,"Low","M",1,"Y"
14,"Tube",14,6.977941176,3.40625,7,0.791748863475746,"Low","M",1,"Y"
14,"Tube",14,7.023897059,2.564338235,7,0.843698025229825,"Low","M",1,"Y"
14,"Tube",14,6.417279412,2.154411765,8,0.873604838993724,"Low","M",1,"N"
14,"Tube",14,6.636029412,1.875,7,0.884772349256444,"Low","M",1,"Y"
14,"Tube",14,5.733455882,2.251838235,8,0.911532187604709,"Low","M",1,"N"
14,"Tube",14,4.665441176,2.145220588,8,0.980271312358628,"Low","M",1,"N"
15,"Tube",4,2.943707596,2.082103614,2,0.151945240948958,"Low","M",0.456521739130435,"N"
15,"Tube",4,1.873156342,2.260324484,2,0.220604665529055,"Low","F",0.456521739130435,"N"
15,"Tube",4,2.018191372,1.87622972,2,0.20469171021158,"Low","F",0.456521739130435,"N"
15,"Tube",4,2.079646018,2.05322087,2,0.202817940288776,"Low","F",0.456521739130435,"N"
15,"Tube",4,1.012168142,3.451327434,3,0.346727741866326,"Low","M",0.456521739130435,"Y"
15,"Tube",4,1.09789823,3.878134218,4,0.375092101762828,"Low","F",0.456521739130435,"Y"
15,"Tube",4,1.504424779,4.306784661,4,0.415486569342587,"Low","F",0.456521739130435,"Y"
15,"Tube",4,1.841200221,4.277286136,4,0.430568536339139,"Low","F",0.456521739130435,"Y"
15,"Tube",4,2.31379056,4.370082965,4,0.461668092333842,"Low","M",0.456521739130435,"Y"
15,"Tube",4,2.426867625,4.309858038,4,0.467062773535217,"Low","F",0.456521739130435,"Y"
15,"Tube",4,2.485864676,4.126720133,4,0.467110279789622,"Low","M",0.456521739130435,"Y"
15,"Tube",4,3.207964602,4.301253687,5,0.517767839536601,"Low","F",0.456521739130435,"N"
15,"Tube",4,3.473451327,4.148230088,5,0.533558905801966,"Low","F",0.456521739130435,"N"
15,"Tube",4,3.537979351,4.19800885,5,0.538431663501624,"Low","M",0.456521739130435,"N"
15,"Tube",4,3.748156342,4.202925885,5,0.552637858370957,"Low","M",0.456521739130435,"N"
15,"Tube",4,4.483161873,4.024705015,5,0.601178833914913,"Low","F",0.456521739130435,"N"
15,"Tube",4,4.347959071,4.175884956,5,0.592930962557279,"Low","M",0.456521739130435,"N"
15,"Tube",4,4.415560472,4.242256637,5,0.598067718190723,"Low","M",0.456521739130435,"N"
15,"Tube",4,4.508973083,4.279129794,5,0.604721277879644,"Low","M",0.456521739130435,"N"
15,"Tube",4,4.617133112,4.17096792,5,0.611136855342206,"Low","M",0.456521739130435,"N"
15,"Tube",4,5.063606195,4.16390118,6,0.64138717266963,"Low","F",0.456521739130435,"Y"
15,"Tube",4,5.391777286,4.399889381,6,0.665479391319056,"Low","F",0.456521739130435,"Y"
15,"Tube",4,6.457411504,4.124262537,6,0.73596274135444,"Low","M",0.456521739130435,"Y"
15,"Tube",4,6.693091814,4.123648599,6,0.752003374367839,"Low","F",0.456521739130435,"Y"
15,"Tube",4,6.893436578,3.383726032,7,0.791386595222517,"Low","M",0.456521739130435,"Y"
15,"Tube",4,6.856563422,2.931415929,7,0.814331482620767,"Low","F",0.456521739130435,"Y"
15,"Tube",4,6.695551254,2.721238938,7,0.823285773645987,"Low","F",0.456521739130435,"Y"
15,"Tube",4,6.95980826,2.069813791,7,0.871113968996455,"Low","M",0.456521739130435,"Y"
15,"Tube",4,6.618117625,2.048917773,7,0.866879691763685,"Low","F",0.456521739130435,"Y"
15,"Tube",4,6.286259218,2.013274336,7,0.867857949275421,"Low","M",0.456521739130435,"Y"
15,"Tube",4,6.457103614,1.865781711,7,0.878131813693508,"Low","M",0.456521739130435,"Y"
15,"Tube",4,5.355825959,1.898045723,8,0.920324365827665,"Low","F",0.456521739130435,"N"
15,"Tube",4,5.293141593,1.983775811,8,0.922011654021144,"Low","F",0.456521739130435,"N"
15,"Tube",4,4.900442478,1.882374631,8,0.949573563718369,"Low","F",0.456521739130435,"N"
15,"Tube",4,4.888458702,2.137721239,8,0.946234866064832,"Low","M",0.456521739130435,"N"
15,"Tube",4,4.519727139,2.168141593,8,0.970900911106522,"Low","M",0.456521739130435,"N"
15,"Tube",4,4.604535398,2.299963127,8,0.964485883136629,"Low","F",0.456521739130435,"N"
15,"Tube",4,4.659384218,2.159384218,8,0.961507038291696,"Low","M",0.456521739130435,"N"
15,"Tube",4,4.943460546,2.150318953,8,0.94239719286163,"Low","?",0.456521739130435,"N"
15,"Tube",4,6.730272861,4.078171091,6,0.754369967568332,"Low","M",0.456521739130435,"Y"
15,"Tube",7,3.121200608,1.959219225,2,0.138251307518693,"Low","M",0.603174603174603,"N"
15,"Tube",7,3.050279255,1.904762538,2,0.138139906795862,"Low","M",0.603174603174603,"N"
15,"Tube",7,2.494933511,2.035841565,2,0.175542450657761,"Low","M",0.603174603174603,"N"
15,"Tube",7,2.326495061,2.11056231,2,0.18810104265395,"Low","M",0.603174603174603,"N"
15,"Tube",7,2.008611322,1.99024886,2,0.206542873731241,"Low","M",0.603174603174603,"N"
15,"Tube",7,1.776215805,2.083966565,2,0.223393232865902,"Low","M",0.603174603174603,"N"
15,"Tube",7,1.764817629,1.952887538,2,0.222493216982995,"Low","F",0.603174603174603,"N"
15,"Tube",7,1.595744681,1.905395137,2,0.233548499310487,"Low","F",0.603174603174603,"N"
15,"Tube",7,1.481130319,2.199848024,2,0.244829105085743,"Low","F",0.603174603174603,"N"
15,"Tube",7,1.103723404,2.10106383,3,0.268596259074588,"Low","M",0.603174603174603,"Y"
15,"Tube",7,1.074595365,1.855370441,3,0.26873393812063,"Low","F",0.603174603174603,"Y"
15,"Tube",7,0.835233663,1.879431991,3,0.285121299660339,"Low","M",0.603174603174603,"Y"
15,"Tube",7,1.006206307,2.246707827,3,0.277050444987784,"Low","F",0.603174603174603,"Y"
15,"Tube",7,1.106255699,2.482270137,3,0.28075657992123,"Low","M",0.603174603174603,"Y"
15,"Tube",7,1.184777736,2.139057751,3,0.263620545375849,"Low","M",0.603174603174603,"Y"
15,"Tube",7,0.90868731,3.06231003,3,0.322532018002946,"Low","M",0.603174603174603,"Y"
15,"Tube",7,0.870693389,3.252279635,3,0.335636552084405,"Low","F",0.603174603174603,"Y"
15,"Tube",7,1.065729483,3.900708587,4,0.376731872331513,"Low","F",0.603174603174603,"Y"
15,"Tube",7,0.754179331,4.104610562,4,0.393470740835481,"Low","M",0.603174603174603,"Y"
15,"Tube",7,0.795972644,4.209726444,4,0.399920599152333,"Low","M",0.603174603174603,"Y"
15,"Tube",7,1.510258359,4.085613602,4,0.404640129913039,"Low","M",0.603174603174603,"Y"
15,"Tube",7,1.607775456,4.053951368,4,0.408992712687117,"Low","M",0.603174603174603,"Y"
15,"Tube",7,1.869933511,4.273049012,4,0.432032828381127,"Low","M",0.603174603174603,"Y"
15,"Tube",7,2.633928571,4.151785714,4,0.477327780500465,"Low","F",0.603174603174603,"Y"
15,"Tube",7,3.204787234,4.135638298,5,0.515322940827441,"Low","M",0.603174603174603,"N"
15,"Tube",7,3.223784195,4.071048632,5,0.515972217578696,"Low","M",0.603174603174603,"N"
15,"Tube",7,3.53343465,4.207826748,5,0.53823653297013,"Low","F",0.603174603174603,"N"
15,"Tube",7,3.670212766,4.395896657,5,0.549925649642324,"Low","F",0.603174603174603,"N"
15,"Tube",7,3.802558891,4.161601444,5,0.555907321096429,"Low","M",0.603174603174603,"N"
15,"Tube",7,3.772163754,4.061550152,5,0.553058605545764,"Low","M",0.603174603174603,"N"
15,"Tube",7,3.665780775,3.991893997,5,0.545421931015157,"Low","M",0.603174603174603,"N"
15,"Tube",7,3.986194909,4.098276976,5,0.567831123816516,"Low","M",0.603174603174603,"N"
15,"Tube",7,4.25468655,3.998227584,5,0.585515417906044,"Low","M",0.603174603174603,"N"
15,"Tube",7,4.830927052,4.128039514,6,0.625365548226796,"Low","M",0.603174603174603,"Y"
15,"Tube",7,4.98100304,4.179331307,6,0.635879157056936,"Low","F",0.603174603174603,"Y"
15,"Tube",7,5.879559271,4.166033435,6,0.696844191108419,"Low","M",0.603174603174603,"Y"
15,"Tube",7,6.356382979,3.977963526,6,0.728614110728231,"Low","M",0.603174603174603,"Y"
15,"Tube",7,6.641337386,4.147036474,6,0.748576139329964,"Low","M",0.603174603174603,"Y"
15,"Tube",7,6.419072948,4.245820669,6,0.733950763443557,"Low","M",0.603174603174603,"Y"
15,"Tube",7,6.791413374,4.378799392,6,0.760071145680367,"Low","F",0.603174603174603,"Y"
15,"Tube",7,6.736322188,3.436550152,7,0.781254672371867,"Low","M",0.603174603174603,"Y"
15,"Tube",7,6.941489362,3.447948328,7,0.791187797902195,"Low","F",0.603174603174603,"Y"
15,"Tube",7,6.926291793,3.11550152,7,0.806392218820131,"Low","F",0.603174603174603,"Y"
15,"Tube",7,6.797112462,2.824848024,7,0.819073955899063,"Low","F",0.603174603174603,"Y"
15,"Tube",7,6.686930091,2.828647416,7,0.81613386303774,"Low","F",0.603174603174603,"Y"
15,"Tube",7,6.964285714,2.344224924,7,0.85370223567566,"Low","F",0.603174603174603,"Y"
15,"Tube",7,6.871200608,1.996580547,7,0.874067565189224,"Low","F",0.603174603174603,"Y"
15,"Tube",7,6.675531915,2.070668693,7,0.866079524271826,"Low","M",0.603174603174603,"Y"
15,"Tube",7,6.572948328,2.17325228,7,0.858042888682294,"Low","F",0.603174603174603,"Y"
15,"Tube",7,6.580547112,2.374620061,7,0.844543295109002,"Low","F",0.603174603174603,"Y"
15,"Tube",7,6.017604483,1.896529255,8,0.884908504216688,"Low","F",0.603174603174603,"N"
15,"Tube",7,6.084093845,2.269504179,8,0.864666460829767,"Low","F",0.603174603174603,"N"
15,"Tube",7,6.054963906,2.10106383,8,0.872568682142553,"Low","F",0.603174603174603,"N"
15,"Tube",7,5.583839286,2.022543693,8,0.902646225344449,"Low","M",0.603174603174603,"N"
15,"Tube",7,5.460993541,1.914893617,8,0.913385285529639,"Low","F",0.603174603174603,"N"
15,"Tube",7,6.396909195,2.084599164,7,0.863029436728937,"Low","F",0.603174603174603,"Y"
15,"Tube",8,3.141377752,1.801625393,2,0.128868369677622,"Low","F",0.617647058823529,"N"
15,"Tube",8,2.749606918,1.836346305,2,0.154937454554837,"Low","M",0.617647058823529,"N"
15,"Tube",8,2.91339033,2.051232311,2,0.151790756009753,"Low","M",0.617647058823529,"N"
15,"Tube",8,2.819050708,2.083987814,2,0.158055235984898,"Low","M",0.617647058823529,"N"
15,"Tube",8,2.449553852,2.158673349,2,0.181899763017413,"Low","M",0.617647058823529,"N"
15,"Tube",8,2.329009434,2.106263758,2,0.187831670728903,"Low","F",0.617647058823529,"N"
15,"Tube",8,2.213704796,2.02240566,2,0.193446093239261,"Low","F",0.617647058823529,"N"
15,"Tube",8,1.649632469,1.885481525,2,0.229761668509967,"Low","M",0.617647058823529,"N"
15,"Tube",8,1.839622642,1.829141116,2,0.216549664028312,"Low","M",0.617647058823529,"N"
15,"Tube",8,1.935273192,1.905135613,2,0.21053843167215,"Low","F",0.617647058823529,"N"
15,"Tube",8,1.867138365,2.006027909,2,0.216214687988743,"Low","M",0.617647058823529,"N"
15,"Tube",8,1.666666667,2.000786164,2,0.229607258118221,"Low","F",0.617647058823529,"N"
15,"Tube",8,1.561845519,2.171122248,2,0.239009446480743,"Low","F",0.617647058823529,"N"
15,"Tube",8,0.915226022,2.078748035,3,0.281058443409487,"Low","F",0.617647058823529,"Y"
15,"Tube",8,0.904742531,2.374868318,3,0.286538835500762,"Low","F",0.617647058823529,"Y"
15,"Tube",8,0.784198113,2.284459513,3,0.292385346008193,"Low","M",0.617647058823529,"Y"
15,"Tube",8,1.09997445,2.558307783,3,0.285804589414575,"Low","F",0.617647058823529,"Y"
15,"Tube",8,0.83660967,2.481000393,3,0.293626513073491,"Low","M",0.617647058823529,"Y"
15,"Tube",8,0.903433569,2.820361635,3,0.307508790663271,"Low","M",0.617647058823529,"Y"
15,"Tube",8,0.844471305,3.092898978,3,0.326053570210612,"Low","M",0.617647058823529,"Y"
15,"Tube",8,0.941430818,3.534459513,3,0.353117437193719,"Low","F",0.617647058823529,"Y"
15,"Tube",8,0.826126179,4.154219733,4,0.39582746458286,"Low","M",0.617647058823529,"Y"
15,"Tube",8,0.709512579,4.209251179,4,0.401104488683673,"Low","M",0.617647058823529,"Y"
15,"Tube",8,1.173349057,4.22759434,4,0.402680670696812,"Low","M",0.617647058823529,"Y"
15,"Tube",8,1.217898978,3.999606918,4,0.387761391498159,"Low","M",0.617647058823529,"Y"
15,"Tube",8,1.304376965,4.297038129,4,0.408880591629517,"Low","F",0.617647058823529,"Y"
15,"Tube",8,1.524502752,4.126704009,4,0.407180593807598,"Low","M",0.617647058823529,"Y"
15,"Tube",8,1.595257469,4.289176494,4,0.418405298594001,"Low","M",0.617647058823529,"Y"
15,"Tube",8,1.679113601,4.10901533,4,0.41507667906185,"Low","F",0.617647058823529,"Y"
15,"Tube",8,2.79677673,4.162081368,5,0.488313645951492,"Low","F",0.617647058823529,"N"
15,"Tube",8,2.807258255,4.025811714,5,0.487409602978074,"Low","F",0.617647058823529,"N"
15,"Tube",8,2.934355346,4.193527909,5,0.497936557215082,"Low","M",0.617647058823529,"N"
15,"Tube",8,3.320886399,4.175182783,5,0.523574980676324,"Low","F",0.617647058823529,"N"
15,"Tube",8,3.239648192,4.052018475,5,0.516886373250781,"Low","M",0.617647058823529,"N"
15,"Tube",8,3.641902516,4.082154088,5,0.544371057263842,"Low","F",0.617647058823529,"N"
15,"Tube",8,3.740172956,4.150288915,5,0.551588421472803,"Low","M",0.617647058823529,"N"
15,"Tube",8,4.143736242,4.223663522,5,0.579531830661226,"Low","F",0.617647058823529,"N"
15,"Tube",8,4.050707547,4.097877358,5,0.572204492798701,"Low","M",0.617647058823529,"N"
15,"Tube",8,4.304245283,4.081499607,5,0.589311407967308,"Low","F",0.617647058823529,"N"
15,"Tube",8,4.750393082,4.229559748,5,0.620612300390484,"Low","F",0.617647058823529,"N"
15,"Tube",8,5.713443396,4.051690252,6,0.68503172510547,"Low","F",0.617647058823529,"Y"
15,"Tube",8,6.073113208,4.108358884,6,0.709740205789571,"Low","M",0.617647058823529,"Y"
15,"Tube",8,6.535638758,4.384827044,6,0.742767900936504,"Low","F",0.617647058823529,"Y"
15,"Tube",8,6.813417846,4.270833333,6,0.760889848553104,"Low","M",0.617647058823529,"Y"
15,"Tube",8,6.750524764,4.124082154,6,0.755914968856156,"Low","M",0.617647058823529,"Y"
15,"Tube",8,6.783280267,4.14766706,6,0.758239446812603,"Low","M",0.617647058823529,"Y"
15,"Tube",8,6.79245283,2.870807783,7,0.816080655830265,"Low","M",0.617647058823529,"Y"
15,"Tube",8,6.916928066,2.784329796,7,0.825114366358651,"Low","M",0.617647058823529,"Y"
15,"Tube",8,6.802934355,2.393867925,7,0.846777020486707,"Low","M",0.617647058823529,"Y"
15,"Tube",8,6.932651336,2.273323506,7,0.857423398949709,"Low","M",0.617647058823529,"Y"
15,"Tube",8,6.868449292,2.104298349,7,0.866964394212336,"Low","F",0.617647058823529,"Y"
15,"Tube",8,6.501572327,2.146226415,7,0.85930276379962,"Low","F",0.617647058823529,"Y"
15,"Tube",8,6.830450079,1.979821148,7,0.874439768851548,"Low","F",0.617647058823529,"Y"
15,"Tube",8,6.310927673,2.124606918,7,0.860235410559735,"Low","M",0.617647058823529,"Y"
15,"Tube",8,6.116352201,1.916273585,8,0.880360760334675,"Low","M",0.617647058823529,"N"
15,"Tube",8,6.21658805,2.053852201,8,0.869027118313884,"Low","F",0.617647058823529,"N"
15,"Tube",8,6.088836478,1.802279874,8,0.888206596545839,"Low","F",0.617647058823529,"N"
15,"Tube",8,5.860849057,2.044025157,8,0.885381881174985,"Low","M",0.617647058823529,"N"
15,"Tube",8,5.322327044,2.085298742,8,0.91801008803327,"Low","M",0.617647058823529,"N"
15,"Tube",8,4.677672956,2.199292453,8,0.959969617243946,"Low","M",0.617647058823529,"N"
15,"Tube",8,4.976415094,2.142295597,8,0.940262584073571,"Low","M",0.617647058823529,"N"
15,"Tube",8,4.722222877,1.981132075,8,0.959422108605096,"Low","M",0.617647058823529,"N"
15,"Tube",8,4.874213836,2.026990959,8,0.948618339117829,"Low","M",0.617647058823529,"N"
15,"Tube",9,3.151083597,1.868726228,2,0.131843705334337,"Low","F",0.590163934426229,"N"
15,"Tube",9,2.461701664,1.830427892,2,0.174289374085632,"Low","F",0.590163934426229,"N"
15,"Tube",9,2.667723851,1.947965531,2,0.162392883163229,"Low","F",0.590163934426229,"N"
15,"Tube",9,2.415477417,1.896459984,2,0.17808557257916,"Low","F",0.590163934426229,"N"
15,"Tube",9,2.752244453,2.142101823,2,0.164092326502305,"Low","M",0.590163934426229,"N"
15,"Tube",9,2.571315372,2.171156894,2,0.175189454836435,"Low","F",0.590163934426229,"N"
15,"Tube",9,2.142101823,2.123613312,2,0.200174210281135,"Low","F",0.590163934426229,"N"
15,"Tube",9,2.511885895,2.033809429,2,0.17441889220757,"Low","M",0.590163934426229,"N"
15,"Tube",9,1.662044374,2.082672345,2,0.230967025081075,"Low","F",0.590163934426229,"N"
15,"Tube",9,1.971077655,2.002113708,2,0.209212659560099,"Low","M",0.590163934426229,"N"
15,"Tube",9,1.951267829,1.937400951,2,0.209761838195537,"Low","M",0.590163934426229,"N"
15,"Tube",9,1.218304279,2.106444136,3,0.260963237587755,"Low","M",0.590163934426229,"Y"
15,"Tube",9,0.996434231,2.237188986,3,0.277558443418395,"Low","F",0.590163934426229,"Y"
15,"Tube",9,1.137743661,2.390386292,3,0.274143218777793,"Low","M",0.590163934426229,"Y"
15,"Tube",9,0.82078645,2.916006339,3,0.315941186784654,"Low","F",0.590163934426229,"Y"
15,"Tube",9,0.82078645,3.342577258,3,0.342552475369487,"Low","M",0.590163934426229,"Y"
15,"Tube",9,0.876253962,3.489169968,3,0.351065436988906,"Low","M",0.590163934426229,"Y"
15,"Tube",9,0.902668384,3.623876783,3,0.359614290153779,"Low","M",0.590163934426229,"Y"
15,"Tube",9,1.078314184,3.844427496,4,0.372853845829842,"Low","F",0.590163934426229,"Y"
15,"Tube",9,1.053223059,4.202323693,4,0.397314644522503,"Low","M",0.590163934426229,"Y"
15,"Tube",9,1.135103011,4.384574089,4,0.409560180111484,"Low","M",0.590163934426229,"Y"
15,"Tube",9,1.449419572,4.447965531,4,0.422027109773963,"Low","M",0.590163934426229,"Y"
15,"Tube",9,1.663365689,4.214209588,4,0.418270758888229,"Low","M",0.590163934426229,"Y"
15,"Tube",9,2.206154913,4.290808241,4,0.452717584823215,"Low","F",0.590163934426229,"Y"
15,"Tube",9,3.204570127,4.308637084,5,0.517662335541797,"Low","F",0.590163934426229,"N"
15,"Tube",9,3.398706418,4.196380745,5,0.529050205004956,"Low","F",0.590163934426229,"N"
15,"Tube",9,3.705427892,4.372028526,5,0.55190335859283,"Low","F",0.590163934426229,"N"
15,"Tube",9,3.847068146,4.129358162,5,0.558639310657025,"Low","F",0.590163934426229,"N"
15,"Tube",9,4.047147385,4.238312203,5,0.573157158294745,"Low","F",0.590163934426229,"N"
15,"Tube",9,4.176901743,4.140253566,5,0.581066774703891,"Low","M",0.590163934426229,"N"
15,"Tube",9,4.226426307,4.345285261,5,0.586397573915766,"Low","M",0.590163934426229,"N"
15,"Tube",9,4.354199683,4.124405705,5,0.592976616132044,"Low","F",0.590163934426229,"N"
15,"Tube",9,4.595879556,4.094690967,5,0.609201684410068,"Low","M",0.590163934426229,"N"
15,"Tube",9,5.104992076,4.300713154,6,0.645201888808001,"Low","F",0.590163934426229,"Y"
15,"Tube",9,5.934364105,4.239302694,6,0.700985287889135,"Low","M",0.590163934426229,"Y"
15,"Tube",9,6.299524564,4.220814184,6,0.725686332675583,"Low","M",0.590163934426229,"Y"
15,"Tube",9,6.994849445,4.358161648,6,0.773739112537962,"Low","F",0.590163934426229,"Y"
15,"Tube",9,6.857501981,3.980453645,6,0.762773095152027,"Low","M",0.590163934426229,"Y"
15,"Tube",9,6.909007528,3.697834786,7,0.781361236587702,"Low","M",0.590163934426229,"Y"
15,"Tube",9,6.766376783,3.627838748,7,0.774453458489078,"Low","M",0.590163934426229,"Y"
15,"Tube",9,6.9856042,3.577654517,7,0.789267210028869,"Low","M",0.590163934426229,"Y"
15,"Tube",9,6.819201664,3.061277734,7,0.805371726090525,"Low","M",0.590163934426229,"Y"
15,"Tube",9,6.757131537,2.768092314,7,0.821630778615792,"Low","M",0.590163934426229,"Y"
15,"Tube",9,6.840332805,2.717908082,7,0.826936487569337,"Low","M",0.590163934426229,"Y"
15,"Tube",9,7.029185816,2.609613708,7,0.839232159165736,"Low","M",0.590163934426229,"Y"
15,"Tube",9,6.861463946,2.256998811,7,0.85688176569545,"Low","F",0.590163934426229,"Y"
15,"Tube",9,6.437533677,2.171156894,7,0.857265803812541,"Low","M",0.590163934426229,"Y"
15,"Tube",9,6.333201268,1.967775357,7,0.870919759825513,"Low","M",0.590163934426229,"Y"
15,"Tube",9,6.182646593,1.961172742,8,0.875757049314607,"Low","M",0.590163934426229,"N"
15,"Tube",9,5.677496038,1.95225832,8,0.899277473053057,"Low","F",0.590163934426229,"N"
15,"Tube",9,5.708201268,2.039421553,8,0.894511081684895,"Low","M",0.590163934426229,"N"
15,"Tube",9,5.805269414,2.159270998,8,0.885109605533453,"Low","F",0.590163934426229,"N"
15,"Tube",9,6.010301109,2.308835182,8,0.86885381456902,"Low","F",0.590163934426229,"N"
15,"Tube",9,5.830031696,2.277139461,8,0.881334551459575,"Low","F",0.590163934426229,"N"
15,"Tube",9,5.344690967,2.128565769,8,0.915801928756606,"Low","M",0.590163934426229,"N"
15,"Tube",10,3.056438792,2.013116057,2,0.143610440874108,"Low","M",0.690909090909091,"N"
15,"Tube",10,2.700715421,2.2436407,2,0.171335682814437,"Low","F",0.690909090909091,"N"
15,"Tube",10,2.567567568,1.848171701,2,0.167301001290456,"Low","F",0.690909090909091,"N"
15,"Tube",10,2.26483903,1.824986089,2,0.187610674224165,"Low","M",0.690909090909091,"N"
15,"Tube",10,2.124403816,2.267488076,2,0.20503970287578,"Low","M",0.690909090909091,"N"
15,"Tube",10,2.095256359,2.161500397,2,0.204056244801231,"Low","F",0.690909090909091,"N"
15,"Tube",10,1.993243243,1.998543323,2,0.207683240913167,"Low","F",0.690909090909091,"N"
15,"Tube",10,1.942899444,1.86738275,2,0.209736051344745,"Low","M",0.690909090909091,"N"
15,"Tube",10,1.802464229,1.862082671,2,0.219240806489693,"Low","M",0.690909090909091,"N"
15,"Tube",10,1.689189189,2.217806041,2,0.231519962542603,"Low","F",0.690909090909091,"N"
15,"Tube",10,1.63354531,2.112480127,2,0.233309028625603,"Low","F",0.690909090909091,"N"
15,"Tube",10,0.995627981,2.395999603,3,0.281331643967675,"Low","M",0.690909090909091,"Y"
15,"Tube",10,1.189056041,2.308559221,3,0.268242153811125,"Low","M",0.690909090909091,"Y"
15,"Tube",10,0.751854134,2.849099762,3,0.314761582218246,"Low","F",0.690909090909091,"Y"
15,"Tube",10,0.921436804,2.801405008,3,0.305797026546421,"Low","M",0.690909090909091,"Y"
15,"Tube",10,1.011526232,2.896794515,3,0.309654438535134,"Low","F",0.690909090909091,"Y"
15,"Tube",10,0.746556041,3.07697337,3,0.327988328704259,"Low","M",0.690909090909091,"Y"
15,"Tube",10,0.998277027,3.439984102,3,0.3461040522854,"Low","F",0.690909090909091,"Y"
15,"Tube",10,0.839294515,3.559220986,3,0.356323768413632,"Low","M",0.690909090909091,"Y"
15,"Tube",10,1.045971781,3.606915739,3,0.35698062940569,"Low","M",0.690909090909091,"Y"
15,"Tube",10,1.157259539,3.783122019,4,0.375283933902972,"Low","F",0.690909090909091,"Y"
15,"Tube",10,0.815447138,4.013646661,4,0.386540723605977,"Low","M",0.690909090909091,"Y"
15,"Tube",10,0.921436804,4.14745628,4,0.394394119080582,"Low","M",0.690909090909091,"Y"
15,"Tube",10,1.084393879,4.309087838,4,0.404492722350301,"Low","M",0.690909090909091,"Y"
15,"Tube",10,1.328165739,4.311738871,4,0.41032997018992,"Low","M",0.690909090909091,"Y"
15,"Tube",10,1.897853736,4.240858506,4,0.432490950248513,"Low","F",0.690909090909091,"Y"
15,"Tube",10,2.551669316,4.313726153,4,0.4751097716396,"Low","F",0.690909090909091,"Y"
15,"Tube",10,3.312136328,4.207736486,5,0.523378914864207,"Low","F",0.690909090909091,"N"
15,"Tube",10,3.630763116,4.217011129,5,0.54488530774151,"Low","M",0.690909090909091,"N"
15,"Tube",10,3.662559618,4.372019078,5,0.549051018249324,"Low","F",0.690909090909091,"N"
15,"Tube",10,3.932168124,4.181240064,5,0.564845066165318,"Low","M",0.690909090909091,"N"
15,"Tube",10,5.526629571,4.153418124,6,0.672784177435636,"Low","M",0.690909090909091,"Y"
15,"Tube",10,6.61963434,4.02027027,6,0.746658251182911,"Low","M",0.690909090909091,"Y"
15,"Tube",10,6.778616852,4.113672496,6,0.757787845065353,"Low","F",0.690909090909091,"Y"
15,"Tube",10,6.963434022,3.824191176,6,0.769813980345613,"Low","M",0.690909090909091,"Y"
15,"Tube",10,6.748807631,3.842740461,6,0.755185306980407,"Low","M",0.690909090909091,"Y"
15,"Tube",10,6.934286566,3.530073529,7,0.787701874320397,"Low","M",0.690909090909091,"Y"
15,"Tube",10,6.98198132,2.276762719,7,0.858418601962739,"Low","M",0.690909090909091,"Y"
15,"Tube",10,6.176470588,2.109831081,8,0.866806619163319,"Low","M",0.690909090909091,"N"
15,"Tube",10,6.240063593,2.128378378,8,0.863710352283858,"Low","M",0.690909090909091,"N"
15,"Tube",10,6.212241653,1.934950318,8,0.876825498631604,"Low","F",0.690909090909091,"N"
15,"Tube",10,6.040009936,2.027688792,8,0.876880680936175,"Low","F",0.690909090909091,"N"
15,"Tube",10,5.76709062,2.063459857,8,0.890192888631902,"Low","M",0.690909090909091,"N"
15,"Tube",10,5.329888712,2.129040143,8,0.916777172073014,"Low","M",0.690909090909091,"N"
15,"Tube",10,5.136460652,2.266826312,8,0.928397970926634,"Low","M",0.690909090909091,"N"
15,"Tube",10,4.956279809,1.956810413,8,0.944416681902177,"Low","M",0.690909090909091,"N"
15,"Tube",10,5.229199126,1.919713831,8,0.927645607026175,"Low","M",0.690909090909091,"N"
15,"Tube",10,4.765500795,2.225755167,8,0.953839194683051,"Low","M",0.690909090909091,"N"
15,"Tube",10,4.705882353,2.027027027,8,0.959833324261593,"Low","M",0.690909090909091,"N"
15,"Tube",10,4.878775835,1.969395866,8,0.949269597840736,"Low","M",0.690909090909091,"N"
15,"Tube",11,2.752146292,2.292113371,2,0.171315613161896,"Low","F",0.8,"N"
15,"Tube",11,2.544930599,2.251877314,2,0.179823366522077,"Low","M",0.8,"N"
15,"Tube",11,2.715933841,2.098980298,2,0.1642627896197,"Low","M",0.8,"N"
15,"Tube",11,2.573095839,1.986319338,2,0.169352274728744,"Low","M",0.8,"N"
15,"Tube",11,2.55297781,1.889752802,2,0.168806754617419,"Low","M",0.8,"N"
15,"Tube",11,2.355821131,2.056732438,2,0.18491536555868,"Low","M",0.8,"N"
15,"Tube",11,2.048015296,1.929988859,2,0.203165560433555,"Low","M",0.8,"N"
15,"Tube",11,2.092274959,2.068803255,2,0.202274453661097,"Low","M",0.8,"N"
15,"Tube",11,1.933342534,2.155310777,2,0.214359314593436,"Low","M",0.8,"N"
15,"Tube",11,1.769716573,2.042649818,2,0.223218676574991,"Low","F",0.8,"N"
15,"Tube",11,1.611454079,2.206275779,2,0.236375160808273,"Low","M",0.8,"N"
15,"Tube",11,1.887740999,2.262606258,2,0.219732768295215,"Low","M",0.8,"N"
15,"Tube",11,1.44246264,2.292113371,2,0.249090182444447,"Low","M",0.8,"N"
15,"Tube",11,1.370037737,2.152629044,2,0.251438478083809,"Low","M",0.8,"N"
15,"Tube",11,1.340530625,1.905847224,2,0.250879540591854,"Low","M",0.8,"N"
15,"Tube",11,1.036078465,2.167381594,3,0.273942524834484,"Low","M",0.8,"Y"
15,"Tube",11,1.092408945,2.56706043,3,0.286526888768536,"Low","M",0.8,"Y"
15,"Tube",11,1.190317354,2.896996097,3,0.308123492275124,"Low","M",0.8,"Y"
15,"Tube",11,1.026689381,3.18937744,3,0.32892645879821,"Low","M",0.8,"Y"
15,"Tube",11,1.084361733,3.412017625,3,0.343505215699651,"Low","M",0.8,"Y"
15,"Tube",11,1.060220099,3.607832431,3,0.356950359725118,"Low","M",0.8,"Y"
15,"Tube",11,1.002547747,3.858637857,4,0.37420293270476,"Low","M",0.8,"Y"
15,"Tube",11,0.994500536,4.231491313,4,0.399573658946363,"Low","M",0.8,"Y"
15,"Tube",11,5.325912061,4.228137638,6,0.659612599909131,"Low","F",0.8,"Y"
15,"Tube",11,5.824169236,4.181196242,6,0.693159779755226,"Low","F",0.8,"Y"
15,"Tube",11,7.069475197,3.060622057,7,0.815506608191579,"Low","M",0.8,"Y"
15,"Tube",11,7.123793874,3.030445015,7,0.819519082433943,"Low","M",0.8,"Y"
15,"Tube",11,6.842141476,2.996244366,7,0.809992952282694,"Low","F",0.8,"Y"
15,"Tube",11,6.864271307,2.607966417,7,0.834475751201925,"Low","M",0.8,"Y"
15,"Tube",11,7.037286352,2.529506106,7,0.844315233556175,"Low","M",0.8,"Y"
15,"Tube",11,6.791846404,2.25590092,7,0.85557944993108,"Low","F",0.8,"Y"
15,"Tube",11,4.959094013,2.026555395,8,0.942993510376562,"Low","M",0.8,"N"
15,"Tube",11,4.938975984,2.274007145,8,0.941795095495704,"Low","M",0.8,"N"
15,"Tube",11,5.046271465,2.103673834,8,0.936046105726028,"Low","F",0.8,"N"
15,"Tube",12,3.117860202,1.919781931,2,0.135994668866879,"Low","M",0.818181818181818,"N"
15,"Tube",12,2.511033879,2.105399143,2,0.176502152637145,"Low","M",0.818181818181818,"N"
15,"Tube",12,2.157320872,2.158619548,2,0.200030128633028,"Low","M",0.818181818181818,"N"
15,"Tube",12,2.280632788,2.115784657,2,0.191135548242903,"Low","M",0.818181818181818,"N"
15,"Tube",12,2.008047118,1.914589174,2,0.205704918857572,"Low","M",0.818181818181818,"N"
15,"Tube",12,1.774402259,1.792575935,2,0.220871662507752,"Low","M",0.818181818181818,"N"
15,"Tube",12,1.116952882,1.929517134,3,0.266207909803315,"Low","M",0.818181818181818,"Y"
15,"Tube",12,1.175364097,2.809579439,3,0.302155427595865,"Low","F",0.818181818181818,"Y"
15,"Tube",12,0.967679128,2.840732087,3,0.306962889481761,"Low","M",0.818181818181818,"Y"
15,"Tube",12,1.05334891,3.611760125,3,0.357260270518679,"Low","M",0.818181818181818,"Y"
15,"Tube",12,0.800233645,3.70911215,4,0.366501725504419,"Low","M",0.818181818181818,"Y"
15,"Tube",12,3.647780374,4.221183801,5,0.546076717043668,"Low","F",0.818181818181818,"N"
15,"Tube",12,3.771417445,4.248442368,5,0.55469910768029,"Low","M",0.818181818181818,"N"
15,"Tube",12,5.011682243,4.094626168,6,0.637465248764623,"Low","F",0.818181818181818,"Y"
15,"Tube",12,5.582165109,4.221832165,6,0.676961438226665,"Low","F",0.818181818181818,"Y"
15,"Tube",12,6.606308411,2.498701324,7,0.83652575492527,"Low","M",0.818181818181818,"Y"
15,"Tube",12,6.615395249,2.185878115,7,0.857628569346152,"Low","M",0.818181818181818,"Y"
15,"Tube",12,6.211707555,2.050882009,8,0.869335663660964,"Low","M",0.818181818181818,"N"
15,"Tube",13,3.098673947,2.211388456,2,0.154971194837555,"Low","M",0.8,"N"
15,"Tube",13,2.810062402,1.971528861,2,0.154206451783886,"Low","M",0.8,"N"
15,"Tube",13,2.236090094,2.124284321,2,0.194175782386609,"Low","M",0.8,"N"
15,"Tube",13,2.068383385,2.099584633,2,0.204435442853043,"Low","M",0.8,"N"
15,"Tube",13,1.008190328,1.981279251,3,0.273933952332132,"Low","F",0.8,"Y"
15,"Tube",13,1.192798362,2.290692278,3,0.265422017681464,"Low","M",0.8,"Y"
15,"Tube",13,0.875585023,2.498699298,3,0.291975182795406,"Low","M",0.8,"Y"
15,"Tube",13,1.091394306,2.912115835,3,0.309564665128603,"Low","F",0.8,"Y"
15,"Tube",13,0.880785881,3.182527301,3,0.330903026565744,"Low","M",0.8,"Y"
15,"Tube",13,0.729978549,3.283931357,3,0.341116719804509,"Low","M",0.8,"Y"
15,"Tube",13,0.956187598,3.887154836,4,0.376487260351312,"Low","M",0.8,"Y"
15,"Tube",13,0.755980889,3.725949688,4,0.36838643513578,"Low","M",0.8,"Y"
15,"Tube",13,0.722178237,3.892355694,4,0.379938134733196,"Low","F",0.8,"Y"
15,"Tube",13,3.602443448,4.164717239,5,0.542424686797474,"Low","M",0.8,"N"
15,"Tube",13,3.786402106,4.205017551,5,0.555237407471676,"Low","M",0.8,"N"
15,"Tube",13,5.14950663,4.177716459,6,0.647306631252603,"Low","M",0.8,"Y"
15,"Tube",13,5.323712949,4.094514431,6,0.658686497152904,"Low","F",0.8,"Y"
15,"Tube",13,6.760920437,2.414196568,7,0.844621099835385,"Low","M",0.8,"Y"
15,"Tube",13,5.037051482,1.989079563,8,0.938513179946114,"Low","F",0.8,"N"
15,"Tube",14,2.733112264,1.928492034,2,0.157751044098876,"Low","M",0.6875,"N"
15,"Tube",14,2.20205076,2.190316784,2,0.198036144583588,"Low","M",0.6875,"N"
15,"Tube",14,1.503643942,2.081017043,2,0.241521756926447,"Low","M",0.6875,"N"
15,"Tube",14,1.244288625,1.955044461,3,0.25773553273469,"Low","M",0.6875,"Y"
15,"Tube",14,1.072002594,1.937754724,3,0.269310956293755,"Low","M",0.6875,"Y"
15,"Tube",14,0.862048907,2.189699889,3,0.285883956591942,"Low","M",0.6875,"Y"
15,"Tube",14,1.104112634,2.503395702,3,0.282157634117545,"Low","F",0.6875,"Y"
15,"Tube",14,0.822526862,3.496356058,3,0.352508831693883,"Low","M",0.6875,"Y"
15,"Tube",14,0.857108188,3.834753612,4,0.374023301470888,"Low","M",0.6875,"Y"
15,"Tube",14,1.030011115,3.943434605,4,0.379800522234479,"Low","F",0.6875,"Y"
15,"Tube",14,2.65962764,4.069407188,4,0.477914706849828,"Low","F",0.6875,"Y"
15,"Tube",14,3.387675065,4.121278251,5,0.52750655666808,"Low","F",0.6875,"N"
15,"Tube",14,5.421761764,2.222426825,8,0.909413582118335,"Low","F",0.6875,"N"
15,"Tube",14,5.271706187,1.895763246,8,0.925606038635225,"Low","M",0.6875,"N"
15,"Tube",15,2.740680358,1.913107021,2,0.156906913962652,"Low","M",1,"N"
15,"Tube",15,2.533324175,2.035299058,2,0.173107781399054,"Low","M",1,"N"
15,"Tube",15,1.037706611,3.490804309,3,0.349171109981959,"Low","M",1,"Y"
15,"Tube",15,1.040483703,4.208219673,4,0.397765661109289,"Low","M",1,"Y"
15,"Tube",15,1.423105848,4.065045783,4,0.399245749856869,"Low","F",1,"Y"
15,"Tube",15,1.91804469,4.264996388,4,0.434516429518776,"Low","F",1,"Y"
15,"Tube",15,1.997038139,4.155145747,4,0.435937407295092,"Low","F",1,"Y"
15,"Tube",15,2.346642515,4.110095765,4,0.457624388606509,"Low","F",1,"Y"
15,"Tube",15,6.946432122,3.734879198,7,0.783116421026837,"Low","F",1,"Y"
14,"Tube",13,2.589852008,2.122973925,2,0.16819796614682,"Low","M",1,"N"
14,"Tube",13,2.845900282,2.040755814,2,0.151108188192584,"Low","M",1,"N"
14,"Tube",13,6.101714235,4.335799859,6,0.703679315475035,"Low","M",1,"Y"
14,"Tube",13,6.214469697,2.007869979,8,0.889463702682259,"Low","M",1,"N"
12,"Tube",3,3.700638337,1.371105592,1,0.121539619952578,"Low","M",0.863636363636364,"Y"
12,"Tube",5,3.682142594,0.776836772,1,0.0689654680825613,"Low","M",0.793103448275862,"Y"
12,"Tube",5,3.662490789,1.378653279,1,0.122053917692035,"Low","M",0.793103448275862,"Y"
12,"Tube",5,3.318594326,1.747113117,1,0.159792661846232,"Low","F",0.793103448275862,"Y"
12,"Tube",7,3.623323398,0.698584203,1,0.0639681579165742,"Low","M",0.818181818181818,"Y"
12,"Tube",8,3.687702855,1.510768219,1,0.133821640929208,"Low","M",0.833333333333333,"Y"
12,"Tube",9,3.333333333,1.695906433,1,0.155089223558669,"Low","M",0.833333333333333,"Y"
12,"Tube",10,3.653774637,0.974339903,1,0.0862712585667062,"Low","M",0.9,"Y"
12,"Tube",12,3.600151745,1.060318665,1,0.0960418013415212,"Low","M",0.958333333333333,"Y"
12,"Tube",12,3.73292868,1.445371775,1,0.128292677690007,"Low","M",0.958333333333333,"Y"
12,"Tube",13,3.557987711,1.340245776,1,0.121012213241784,"Low","M",0.961538461538462,"Y"
12,"Tube",13,3.387096774,1.355606759,1,0.124656388651485,"Low","M",0.961538461538462,"Y"
12,"Tube",13,3.429339478,1.576420891,1,0.143138044793569,"Low","M",0.961538461538462,"Y"
12,"Tube",13,3.579109063,1.651305684,1,0.148362342341925,"Low","M",0.961538461538462,"Y"
12,"Tube",14,3.514020537,1.096958926,1,0.100063220312274,"Low","M",0.928571428571429,"Y"
12,"Tube",14,3.500197472,1.208530806,1,0.110008175916907,"Low","M",0.928571428571429,"Y"
12,"Tube",14,3.635466035,1.30035545,1,0.117162926198934,"Low","M",0.928571428571429,"Y"
12,"Tube",14,3.64468207,1.493548578,1,0.134250624459865,"Low","M",0.928571428571429,"Y"
12,"Tube",14,3.638757899,1.702869273,1,0.152775694010168,"Low","M",0.928571428571429,"Y"
12,"Tube",14,3.763165482,1.355977488,1,0.120661322369801,"Low","M",0.928571428571429,"Y"
12,"Tube",14,3.334650474,1.587020142,1,0.145652935532751,"Low","M",0.928571428571429,"Y"
14,"Tube",12,3.645504732,1.21648265,1,0.0794680799476441,"Low","M",1,"Y"
14,"Tube",14,3.641544118,0.731617647,1,0.0484006209485125,"Low","M",1,"Y"
14,"Tube",14,3.726102941,1.040441176,1,0.0675908711662075,"Low","M",1,"Y"
15,"Tube",4,3.667957227,0.646202065,1,0.0451374943307578,"Low","M",0.456521739130435,"Y"
15,"Tube",4,3.791482301,1.516408555,1,0.104994036520171,"Low","F",0.456521739130435,"Y"
15,"Tube",4,3.807153392,1.473082596,1,0.102281703383955,"Low","?",0.456521739130435,"Y"
15,"Tube",4,3.573930678,1.667588496,1,0.115456216636608,"Low","M",0.456521739130435,"Y"
15,"Tube",4,3.891961652,2.087020649,1,0.143954581617841,"Low","F",0.456521739130435,"Y"
15,"Tube",4,3.427359882,2.01880531,1,0.14019694091185,"Low","F",0.456521739130435,"Y"
15,"Tube",7,3.585993541,0.856130319,1,0.0602012741706467,"Low","M",0.603174603174603,"Y"
15,"Tube",7,3.45681421,1.106890198,1,0.078475618441527,"Low","M",0.603174603174603,"Y"
15,"Tube",7,3.787361322,1.3462519,1,0.0935342955484797,"Low","F",0.603174603174603,"Y"
15,"Tube",7,3.565729483,1.381711626,1,0.0960326882690565,"Low","M",0.603174603174603,"Y"
15,"Tube",7,3.667045973,1.703394757,1,0.116559932944299,"Low","M",0.603174603174603,"Y"
15,"Tube",7,3.460613602,1.847771657,1,0.128348196141661,"Low","M",0.603174603174603,"Y"
15,"Tube",7,3.493541033,2.193516337,1,0.151602691108022,"Low","F",0.603174603174603,"Y"
15,"Tube",7,3.364361702,2.164386398,1,0.1506070012476,"Low","M",0.603174603174603,"Y"
15,"Tube",7,3.318768997,2.083333967,1,0.145642450318744,"Low","M",0.603174603174603,"Y"
15,"Tube",8,3.707415487,0.473009041,1,0.0345827642877844,"Low","M",0.617647058823529,"Y"
15,"Tube",8,3.721829796,1.255241745,1,0.0866459377789891,"Low","M",0.617647058823529,"Y"
15,"Tube",8,3.577698506,1.323374607,1,0.0920085712819832,"Low","M",0.617647058823529,"Y"
15,"Tube",8,3.534459513,1.392820362,1,0.0969662400468345,"Low","M",0.617647058823529,"Y"
15,"Tube",8,3.63666077,1.677148192,1,0.115977853240549,"Low","M",0.617647058823529,"Y"
15,"Tube",9,3.81141046,1.281036054,1,0.0895178529517285,"Low","M",0.590163934426229,"Y"
15,"Tube",9,3.671420365,1.254621632,1,0.086136960860248,"Low","M",0.590163934426229,"Y"
15,"Tube",9,3.815372425,1.665346672,1,0.115278796199261,"Low","M",0.590163934426229,"Y"
15,"Tube",9,3.543318146,1.712890254,1,0.118667148796033,"Low","M",0.590163934426229,"Y"
15,"Tube",9,3.810089144,1.922874406,1,0.132558581933607,"Low","M",0.590163934426229,"Y"
15,"Tube",9,3.549920761,2.163232964,1,0.149293485439245,"Low","M",0.590163934426229,"Y"
15,"Tube",10,3.593666534,1.043322734,1,0.0728816201034615,"Low","M",0.690909090909091,"Y"
15,"Tube",10,3.781796502,1.17845787,1,0.0822520260053591,"Low","M",0.690909090909091,"Y"
15,"Tube",10,3.858638712,1.17845787,1,0.0819708695664841,"Low","M",0.690909090909091,"Y"
15,"Tube",10,3.698330684,1.273847377,1,0.0876684354957609,"Low","M",0.690909090909091,"Y"
15,"Tube",10,3.640037758,1.534843005,1,0.106272552164346,"Low","M",0.690909090909091,"Y"
15,"Tube",11,3.961239802,2.048685226,1,0.141536705214247,"Low","F",0.8,"Y"
15,"Tube",11,3.414029428,2.030579001,1,0.141106854298941,"Low","M",0.8,"Y"
15,"Tube",12,3.500778816,0.652906931,1,0.0477642552449314,"Low","M",0.818181818181818,"Y"
15,"Tube",12,3.522844626,1.165628894,1,0.0816618963438261,"Low","M",0.818181818181818,"Y"
15,"Tube",12,3.431984034,1.686137072,1,0.117671339379328,"Low","M",0.818181818181818,"Y"
15,"Tube",12,3.541018302,2.240395249,1,0.154579641459846,"Low","M",0.818181818181818,"Y"
15,"Tube",13,3.753900156,1.304602184,1,0.0903254694143519,"Low","M",0.8,"Y"
15,"Tube",13,3.445787832,2.039781591,1,0.141472026545976,"Low","M",0.8,"Y"
15,"Tube",14,3.782265654,1.267752871,1,0.0882167754399676,"Low","M",0.6875,"Y"
15,"Tube",14,3.246882179,2.043966284,1,0.143956531100002,"Low","M",0.6875,"Y"
15,"Tube",15,3.458404905,1.245988491,1,0.0877598284804662,"Low","M",1,"Y"
14,"Tube",13,3.439041579,1.041226216,1,0.0699058804993142,"Low","M",1,"Y"
11,"Circle",4,3.473164902,1.170882644,3,0.0882582784429717,"Low","M",0.846153846153846,"N"
11,"Circle",4,2.812461713,0.837754986,2,0.0930600394640294,"Low","M",0.846153846153846,"N"
11,"Circle",4,4.124614544,1.426280515,3,0.107929997220338,"Low","M",0.846153846153846,"N"
11,"Circle",4,3.745219155,1.846391506,5,0.134626153517259,"Low","M",0.846153846153846,"N"
11,"Circle",4,3.49907483,1.809377321,5,0.134162989730859,"Low","M",0.846153846153846,"N"
11,"Circle",4,3.608266674,1.779765974,4,0.131529268596966,"Low","M",0.846153846153846,"N"
11,"Circle",4,3.682295042,1.950031221,5,0.142268043957839,"Low","M",0.846153846153846,"N"
11,"Circle",4,3.971005679,1.924121293,5,0.1423236751,"Low","M",0.846153846153846,"N"
11,"Circle",4,4.054287594,1.753856045,4,0.130574866604547,"Low","M",0.846153846153846,"N"
11,"Circle",4,4.227019836,1.84392451,5,0.13927892175833,"Low","F",0.846153846153846,"N"
11,"Circle",4,4.380012415,2.379395758,6,0.179841365228412,"Low","F",0.846153846153846,"N"
11,"Circle",4,3.474399325,2.495374152,7,0.184155162274987,"Low","M",0.846153846153846,"N"
11,"Circle",4,3.245527669,1.7649603,4,0.134159039157878,"Low","M",0.846153846153846,"N"
11,"Circle",5,3.722419929,0.754448399,1,0.0550457417097475,"Low","M",0.8,"Y"
11,"Circle",5,3.444839858,0.943060498,2,0.072509637827472,"Low","M",0.8,"N"
11,"Circle",5,3.81316726,1.233096085,3,0.0900264633916263,"Low","M",0.8,"N"
11,"Circle",5,4.327402135,0.975088968,2,0.0826775840480149,"Low","M",0.8,"N"
11,"Circle",5,3.951957295,1.28113879,3,0.0954825017112551,"Low","M",0.8,"N"
11,"Circle",5,3.731316726,1.355871886,3,0.0988698945121826,"Low","M",0.8,"N"
11,"Circle",5,4.197508897,1.473309609,3,0.112539956396258,"Low","M",0.8,"N"
11,"Circle",5,3.247330961,1.912811388,5,0.144594523476142,"Low","M",0.8,"N"
11,"Circle",5,3.596085409,2.008896797,5,0.148254238780114,"Low","M",0.8,"N"
11,"Circle",5,3.364768683,2.080071174,5,0.154953812451835,"Low","?",0.8,"N"
11,"Circle",5,3.939501779,2.295373665,6,0.169222827627931,"Low","M",0.8,"N"
11,"Circle",5,3.754448399,2.53202847,7,0.184617745358081,"Low","F",0.8,"N"
11,"Circle",5,2.212930605,2.669631673,7,0.22463884828604,"Low","F",0.8,"N"
11,"Circle",5,3.225978648,1.654211744,4,0.126749985797144,"Low","M",0.8,"N"
11,"Circle",5,2.632859431,1.599644128,4,0.14245737660975,"Low","M",0.8,"N"
11,"Circle",6,4.208332721,0.702818015,1,0.0613229072683691,"Low","M",0.785714285714286,"Y"
11,"Circle",6,4.117647059,0.690564338,1,0.0570495388868283,"Low","M",0.785714285714286,"Y"
11,"Circle",6,3.453431985,0.945465074,2,0.0725156708409048,"Low","M",0.785714285714286,"N"
11,"Circle",6,3.198529412,0.962623162,2,0.0809220501964039,"Low","M",0.785714285714286,"N"
11,"Circle",6,3.063726103,1.045955882,2,0.0913494855236553,"Low","M",0.785714285714286,"N"
11,"Circle",6,3.512255515,1.288602941,3,0.0963098624291605,"Low","M",0.785714285714286,"N"
11,"Circle",6,4.159314338,0.962623162,2,0.0763084663844934,"Low","M",0.785714285714286,"N"
11,"Circle",6,4.272058824,1.126838235,2,0.0905591455637744,"Low","M",0.785714285714286,"N"
11,"Circle",6,3.816176471,1.653799632,4,0.120679775555209,"Low","M",0.785714285714286,"N"
11,"Circle",6,3.725490809,2.161152574,6,0.157585967656023,"Low","F",0.785714285714286,"N"
11,"Circle",6,2.850490809,1.624387868,4,0.135401929645469,"Low","M",0.785714285714286,"N"
11,"Circle",6,2.924020221,1.751838235,4,0.141222275292631,"Low","F",0.785714285714286,"N"
11,"Circle",6,3.781862132,2.271446691,6,0.165633988255455,"Low","F",0.785714285714286,"N"
11,"Circle",6,2.150735294,1.930147059,5,0.183228165350621,"Low","M",0.785714285714286,"N"
11,"Circle",6,2.643382353,1.917279412,5,0.161441227427383,"Low","F",0.785714285714286,"N"
11,"Circle",8,4.11258473,0.5598211,1,0.0487825447976278,"Low","M",0.533333333333333,"Y"
11,"Circle",8,3.90079377,0.884938802,2,0.0663818011347692,"Low","M",0.533333333333333,"N"
11,"Circle",8,4.105153469,0.92209511,2,0.072144058694418,"Low","M",0.533333333333333,"N"
11,"Circle",8,4.058708083,1.288084752,3,0.09708546430999,"Low","M",0.533333333333333,"N"
11,"Circle",8,3.553382283,1.589050853,4,0.117828202581093,"Low","M",0.533333333333333,"N"
11,"Circle",8,3.670424656,1.57418833,4,0.114925141577531,"Low","M",0.533333333333333,"N"
11,"Circle",8,3.363885108,1.934604525,5,0.144487759899938,"Low","F",0.533333333333333,"N"
11,"Circle",8,3.698291887,2.020064035,5,0.147336909934222,"Low","F",0.533333333333333,"N"
11,"Circle",8,3.278425598,2.328461398,6,0.173843122572241,"Low","F",0.533333333333333,"N"
11,"Circle",8,3.075923715,2.179836163,6,0.166605426298291,"Low","F",0.533333333333333,"N"
11,"Circle",8,3.393610155,2.768763657,7,0.204530365134015,"Low","F",0.533333333333333,"N"
11,"Circle",8,3.928661002,2.581124298,7,0.190013126782283,"Low","F",0.533333333333333,"N"
11,"Circle",8,2.743993404,2.230615832,6,0.178430436692957,"Low","M",0.533333333333333,"N"
11,"Circle",8,4.199902056,1.596482115,4,0.121272866329503,"Low","F",0.533333333333333,"N"
11,"Circle",8,3.976964203,1.57418833,4,0.116926570275094,"Low","M",0.533333333333333,"N"
11,"Circle",8,4.888532931,1.056476475,2,0.114455005552994,"Low","F",0.533333333333333,"N"
11,"Circle",9,3.227941176,0.558823529,1,0.0566956984794582,"Low","M",0.785714285714286,"Y"
11,"Circle",9,3.202205882,0.863970588,2,0.0746968032668081,"Low","M",0.785714285714286,"N"
11,"Circle",9,2.860294118,0.886029412,2,0.0925761019199957,"Low","M",0.785714285714286,"N"
11,"Circle",9,3.742647059,0.78125,2,0.0569657018817516,"Low","M",0.785714285714286,"N"
11,"Circle",9,4.180147059,1.102941176,2,0.0864026205013267,"Low","M",0.785714285714286,"N"
11,"Circle",9,4.340073529,1.152573529,3,0.0944114461682352,"Low","M",0.785714285714286,"N"
11,"Circle",9,3.555147059,3.215685662,8,0.236294845416628,"Low","F",0.785714285714286,"N"
11,"Circle",9,3.472426471,1.259191176,3,0.0946102761783091,"Low","M",0.785714285714286,"N"
11,"Circle",9,3.163602941,1.555147059,4,0.121283296508408,"Low","F",0.785714285714286,"N"
11,"Circle",9,3.435661765,1.628676471,4,0.121638492725275,"Low","M",0.785714285714286,"N"
11,"Circle",9,3.455882353,1.805147059,5,0.134192417848905,"Low","M",0.785714285714286,"N"
11,"Circle",9,3.909926471,1.586397059,4,0.117484389464407,"Low","M",0.785714285714286,"N"
11,"Circle",9,3.220588235,2.108455882,5,0.15893372909062,"Low","F",0.785714285714286,"N"
11,"Circle",9,3.473038603,2.719976103,7,0.200494982042701,"Low","M",0.785714285714286,"N"
11,"Circle",9,3.900123162,2.398897059,6,0.176673354237158,"Low","F",0.785714285714286,"N"
11,"Circle",9,3.972426471,2.085170956,5,0.154046581941231,"Low","F",0.785714285714286,"N"
11,"Circle",10,3.475972687,0.854595102,2,0.0656901195721959,"Low","M",0.461538461538462,"N"
11,"Circle",10,3.31991619,1.025514123,2,0.0811277780239561,"Low","M",0.461538461538462,"N"
11,"Circle",10,5.014243871,1.05523917,2,0.121634467411873,"Low","F",0.461538461538462,"N"
11,"Circle",10,3.710676085,2.597844637,7,0.189438005510939,"Low","F",0.461538461538462,"N"
11,"Circle",10,3.675998102,2.112336155,5,0.154110974787425,"Low","F",0.461538461538462,"N"
11,"Circle",10,3.81471375,1.768021646,4,0.128997855436274,"Low","F",0.461538461538462,"N"
11,"Circle",10,4.062423713,1.82747174,5,0.135973981795387,"Low","F",0.461538461538462,"N"
11,"Circle",10,3.519941605,1.356823923,3,0.101182559904139,"Low","F",0.461538461538462,"N"
11,"Circle",10,3.111840861,1.300470808,3,0.105622859301137,"Low","M",0.461538461538462,"N"
11,"Circle",10,3.004087566,1.421228811,3,0.11703453657821,"Low","M",0.461538461538462,"N"
11,"Circle",10,2.465321088,0.871315441,2,0.115586634085071,"Low","M",0.461538461538462,"N"
11,"Circle",10,2.463463273,1.737057436,4,0.15788278803553,"Low","F",0.461538461538462,"N"
11,"Circle",10,2.587936907,2.145776833,6,0.177934154795971,"Low","M",0.461538461538462,"N"
11,"Circle",10,3.04310169,1.900545195,5,0.147955050583957,"Low","F",0.461538461538462,"N"
11,"Circle",10,2.641813555,2.591652538,7,0.205546658039719,"Low","F",0.461538461538462,"N"
11,"Circle",11,3.049213918,0.838856775,2,0.0802464412500828,"Low","M",0.625,"N"
11,"Circle",11,2.823392857,0.973858616,2,0.0988641249844051,"Low","M",0.625,"N"
11,"Circle",11,4.058050442,3.18728461,8,0.234642910335672,"Low","F",0.625,"N"
11,"Circle",11,2.372361929,1.931148748,5,0.173180642600283,"Low","F",0.625,"N"
11,"Circle",11,2.887210972,2.391997423,6,0.18552922308257,"Low","F",0.625,"N"
11,"Circle",11,3.636474595,1.456798601,3,0.107945911442933,"Low","M",0.625,"N"
11,"Circle",11,4.181393594,1.062836892,2,0.0836963390225421,"Low","M",0.625,"N"
11,"Circle",11,4.053755523,1.319342784,3,0.0992594533183891,"Low","M",0.625,"N"
11,"Circle",11,3.588610088,2.052037923,5,0.151415376882437,"Low","F",0.625,"N"
11,"Circle",11,3.64015648,2.700049705,7,0.198591023059919,"Low","F",0.625,"N"
11,"Circle",11,4.328668999,2.90746134,8,0.216774043051012,"Low","F",0.625,"N"
11,"Circle",11,3.674521355,2.932008468,8,0.213851974469159,"Low","F",0.625,"N"
11,"Circle",11,4.420103093,1.444526878,3,0.116113639879105,"Low","F",0.625,"N"
11,"Circle",11,4.876656848,1.119293078,2,0.116784097317438,"Low","?",0.625,"N"
11,"Circle",12,3.020597212,0.676337604,1,0.0738562913684085,"Low","M",1,"Y"
11,"Circle",12,3.291885833,0.706480784,1,0.0615314573215987,"Low","M",1,"Y"
11,"Circle",12,3.334589299,1.331951771,3,0.101981824262093,"Low","M",1,"N"
11,"Circle",12,3.882191032,1.068198945,2,0.0796501878543135,"Low","M",1,"N"
11,"Circle",12,2.621200075,2.630619819,7,0.208748791710567,"Low","F",1,"N"
11,"Circle",12,2.485555765,2.731098342,7,0.219446828683147,"Low","F",1,"N"
11,"Circle",12,3.482793896,2.640668802,7,0.194677098012283,"Low","F",1,"N"
11,"Circle",12,3.397386963,3.180732856,8,0.234416682965521,"Low","F",1,"N"
11,"Circle",12,3.824415976,1.645943858,4,0.120133083257041,"Low","F",1,"N"
11,"Circle",12,4.610022607,0.827053504,2,0.0881453948183277,"Low","F",1,"N"
11,"Circle",12,4.446119066,1.094574228,2,0.0946850115019028,"Low","F",1,"N"
11,"Circle",13,4.392254601,1.848159509,5,0.142812785232258,"Low","F",0.333333333333333,"N"
11,"Circle",13,4.844708589,2.45398773,6,0.195940553577781,"Low","F",0.333333333333333,"N"
11,"Circle",13,3.114135353,1.119631902,2,0.0939097500115837,"Low","F",0.333333333333333,"N"
11,"Circle",13,3.05278566,1.602760736,4,0.127466713430747,"Low","F",0.333333333333333,"N"
11,"Circle",13,2.181110046,1.789365414,4,0.174101145051944,"Low","F",0.333333333333333,"N"
11,"Circle",13,2.843174847,0.991819402,2,0.0987290558486849,"Low","M",0.333333333333333,"N"
11,"Circle",13,3.666282592,0.743865031,1,0.054579740840684,"Low","M",0.333333333333333,"Y"
11,"Circle",13,4.502172163,1.411042945,3,0.116594226767725,"Low","F",0.333333333333333,"N"
11,"Circle",13,4.351355445,0.92791411,2,0.0807489006898729,"Low","M",0.333333333333333,"N"
11,"Circle",13,2.554319402,2.45398773,6,0.199037147083607,"Low","F",0.333333333333333,"N"
11,"Circle",13,2.358128834,0.814162193,2,0.120600474867268,"Low","?",0.333333333333333,"N"
11,"Circle",13,4.047800997,1.70117523,4,0.126704884113804,"Low","F",0.333333333333333,"N"
14,"Circle",3,3.110658771,0.605107328,1,0.05755490864051,"Low","M",1,"Y"
14,"Circle",3,3.134715026,1.008512213,2,0.0757681199917518,"Low","M",1,"N"
14,"Circle",3,3.941524796,1.197261288,2,0.0785042726986606,"Low","M",1,"N"
14,"Circle",3,3.810140637,1.249074759,2,0.0801359661022888,"Low","M",1,"N"
14,"Circle",3,3.83234641,1.472982976,3,0.0945391187910376,"Low","M",1,"N"
14,"Circle",3,2.773871207,1.252775722,2,0.102099057839643,"Low","M",1,"N"
14,"Circle",3,4.793362324,1.815321984,4,0.134201924048176,"Low","M",1,"N"
14,"Circle",3,4.729213546,1.637675796,3,0.122320758464232,"Low","M",1,"N"
14,"Circle",3,4.748950777,1.553787935,3,0.118466987605185,"Low","M",1,"N"
14,"Circle",3,4.418948927,1.236737602,2,0.0901121721257786,"Low","M",1,"N"
14,"Circle",3,4.935233161,0.988156921,2,0.100278494465384,"Low","M",1,"N"
14,"Circle",3,4.979644708,1.624722428,3,0.13084452267004,"Low","M",1,"N"
14,"Circle",3,5.242413027,1.746854182,4,0.147699434230211,"Low","M",1,"N"
14,"Circle",3,5.253515914,1.883789785,4,0.154799035630186,"Low","M",1,"N"
14,"Circle",3,4.798297557,2.309400444,5,0.162535238899787,"Low","M",1,"N"
14,"Circle",3,3.586848631,2.103380829,5,0.13636879033918,"Low","M",1,"N"
14,"Circle",3,3.636195411,2.235381199,5,0.144763525134376,"Low","M",1,"N"
14,"Circle",3,3.641130644,2.348876758,5,0.152034723456031,"Low","M",1,"N"
14,"Circle",3,3.247594375,2.620281273,6,0.171554809674482,"Low","M",1,"N"
14,"Circle",3,3.197631384,2.048482605,5,0.136279228197707,"Low","M",1,"N"
14,"Circle",3,2.07253886,2.340242413,5,0.184708099976732,"Low","M",1,"N"
14,"Circle",3,2.684431902,1.183073649,2,0.102631220122225,"Low","M",1,"N"
14,"Circle",3,3.036639526,2.794226499,7,0.185155824147496,"Low","M",1,"N"
14,"Circle",3,2.124352332,2.636935603,6,0.198572029757076,"Low","M",1,"N"
14,"Circle",3,3.870590303,3.209350481,8,0.207178963054846,"Low","M",1,"N"
14,"Circle",3,4.039600296,2.706637676,6,0.175418446820141,"Low","M",1,"N"
14,"Circle",3,4.198741673,2.754750185,6,0.17956103707274,"Low","M",1,"N"
14,"Circle",3,4.081545152,2.579570688,6,0.167537087199044,"Low","M",1,"N"
14,"Circle",3,4.16173205,2.97742413,7,0.193429685449863,"Low","M",1,"N"
14,"Circle",5,4.192739136,0.736372956,1,0.0551190874127863,"Low","M",1,"Y"
14,"Circle",5,4.101074529,0.901369249,2,0.062067370814929,"Low","M",1,"N"
14,"Circle",5,3.543753717,0.776705383,1,0.0519075540141136,"Low","M",1,"Y"
14,"Circle",5,4.445733453,0.839037316,2,0.0703145371362783,"Low","M",1,"N"
14,"Circle",5,4.834391387,0.788315623,1,0.0878182033622798,"Low","M",1,"Y"
14,"Circle",5,4.741503974,1.152530273,2,0.0979333392576086,"Low","M",1,"N"
14,"Circle",5,3.846857407,1.169640389,2,0.07520947753667,"Low","M",1,"N"
14,"Circle",5,3.612196013,1.370081552,3,0.0893494964495872,"Low","M",1,"N"
14,"Circle",5,4.142629762,1.384747889,3,0.0925318230414857,"Low","M",1,"N"
14,"Circle",5,3.93974482,1.528965649,3,0.0996859484786157,"Low","M",1,"N"
14,"Circle",5,4.235515342,1.88829091,4,0.125303042105278,"Low","M",1,"N"
14,"Circle",5,4.631506445,2.660106903,6,0.179741235276422,"Low","M",1,"N"
14,"Circle",5,3.320092075,2.569665102,6,0.167646702624226,"Low","M",1,"N"
14,"Circle",5,3.061597883,2.219506302,5,0.149124352758058,"Low","M",1,"N"
14,"Circle",5,2.163895218,2.762160777,6,0.204137227460398,"Low","M",1,"N"
14,"Circle",5,2.936323531,1.967734792,4,0.136492786374677,"Low","M",1,"N"
14,"Circle",5,3.190538819,1.635296594,3,0.11090359218866,"Low","M",1,"N"
14,"Circle",5,2.273892747,1.96528918,4,0.157762973340519,"Low","M",1,"N"
14,"Circle",5,2.291004695,1.843070926,4,0.150968979471531,"Low","M",1,"N"
14,"Circle",5,2.41811234,1.603520141,3,0.133999951638041,"Low","M",1,"N"
14,"Circle",5,2.620384962,1.173306973,2,0.105123107565857,"Low","M",1,"N"
14,"Circle",5,3.884746056,2.028843919,4,0.131546347690339,"Low","M",1,"N"
14,"Circle",5,3.364091087,1.438523848,3,0.0957835867644113,"Low","M",1,"N"
14,"Circle",5,3.265093311,1.511855534,3,0.101939361662901,"Low","M",1,"N"
14,"Circle",7,3.679829655,0.077429346,1,0.00669624381623514,"Low","M",1,"Y"
14,"Circle",7,3.861788618,0.290360046,1,0.0201687014922262,"Low","M",1,"Y"
14,"Circle",7,3.482384824,0.363917925,1,0.0293528150464622,"Low","M",1,"Y"
14,"Circle",7,3.308168796,0.224545103,1,0.0362908103963549,"Low","M",1,"Y"
14,"Circle",7,3.362369338,0.193573364,1,0.0327657319525041,"Low","M",1,"Y"
14,"Circle",7,4.163763066,0.414247,1,0.0386760485326571,"Low","M",1,"Y"
14,"Circle",7,4.322493225,0.317460317,1,0.0455290799490751,"Low","M",1,"Y"
14,"Circle",7,4.790940767,0.518776616,1,0.0779929204777002,"Low","M",1,"Y"
14,"Circle",7,4.647696477,0.449090205,1,0.0678814170104492,"Low","M",1,"Y"
14,"Circle",7,4.798683701,0.600077429,1,0.0803076108863767,"Low","M",1,"Y"
14,"Circle",7,4.608981804,0.642663569,1,0.0706340669737764,"Low","M",1,"Y"
14,"Circle",7,4.399922571,0.735578784,1,0.0635206136423081,"Low","M",1,"Y"
14,"Circle",7,4.221835075,0.921409214,2,0.0663380696004785,"Low","M",1,"N"
14,"Circle",7,4.337979094,0.940766551,2,0.0711731719523957,"Low","M",1,"N"
14,"Circle",7,4.427022842,1.138211382,2,0.0849124349706124,"Low","M",1,"N"
14,"Circle",7,4.566395664,1.16918312,2,0.0915616737546281,"Low","M",1,"N"
14,"Circle",7,4.802555168,1.149825784,2,0.100531538211403,"Low","M",1,"N"
14,"Circle",7,4.934185056,1.234998064,2,0.11038123239267,"Low","M",1,"N"
14,"Circle",7,5.007742935,1.196283391,2,0.112208030720674,"Low","M",1,"N"
14,"Circle",7,5.104529617,1.265969803,2,0.119824153958969,"Low","M",1,"N"
14,"Circle",7,5.131629888,1.049167635,2,0.112850175472381,"Low","M",1,"N"
14,"Circle",7,5.034843206,0.820751065,1,0.100045569640745,"Low","M",1,"Y"
14,"Circle",7,3.300425861,1.12659698,2,0.0777925160685937,"Low","M",1,"N"
14,"Circle",8,3.584592283,0.254574383,1,0.0197880219424668,"Low","M",1,"Y"
14,"Circle",8,3.686024264,0.357995227,1,0.0233044993213795,"Low","M",1,"Y"
14,"Circle",8,3.634313842,0.397772474,1,0.0270426378555966,"Low","M",1,"Y"
14,"Circle",8,3.584592283,0.443516309,1,0.0304872988538498,"Low","M",1,"Y"
14,"Circle",8,3.503048926,0.493237868,1,0.0353479892995615,"Low","M",1,"Y"
14,"Circle",8,3.443383055,0.485282418,1,0.0369017565680816,"Low","M",1,"Y"
14,"Circle",8,3.353884248,0.572792363,1,0.0448377855358713,"Low","M",1,"Y"
14,"Circle",8,3.389683771,0.320206842,1,0.0327034300714645,"Low","M",1,"Y"
14,"Circle",8,3.284274065,0.280429594,1,0.038325681230358,"Low","M",1,"Y"
14,"Circle",8,3.375761734,0.186953063,1,0.0319227967685278,"Low","M",1,"Y"
14,"Circle",8,3.787456245,0.342084328,1,0.0220524728539277,"Low","M",1,"Y"
14,"Circle",8,3.849110979,0.451471758,1,0.0296201603769185,"Low","M",1,"Y"
14,"Circle",8,3.795411695,0.546937152,1,0.0351694431212209,"Low","M",1,"Y"
14,"Circle",8,3.831211217,0.204852824,1,0.014121320286465,"Low","M",1,"Y"
14,"Circle",8,4.042030628,0.330151154,1,0.0291949749147061,"Low","M",1,"Y"
14,"Circle",8,4.061919252,0.463404932,1,0.0359934437095879,"Low","?",1,"Y"
14,"Circle",10,3.337856884,0.804942201,1,0.0579515006852472,"Low","M",1,"Y"
14,"Circle",10,3.696211661,0.815800758,1,0.0523916727456048,"Low","M",1,"Y"
14,"Circle",10,3.059590327,0.677345503,1,0.0629826836503446,"Low","M",1,"Y"
14,"Circle",10,3.990769107,0.768292281,1,0.0518471119572738,"Low","M",1,"Y"
14,"Circle",10,4.332157007,0.992264016,2,0.0737618483069101,"Low","M",1,"N"
14,"Circle",10,4.152979618,1.027555853,2,0.0708030525468217,"Low","M",1,"N"
14,"Circle",10,4.576489809,0.875525875,2,0.0779004395380107,"Low","M",1,"N"
14,"Circle",10,3.232659396,1.073708284,2,0.0763776322910925,"Low","M",1,"N"
14,"Circle",10,2.92859944,1.212163538,2,0.0939791326380262,"Low","M",1,"N"
14,"Circle",10,3.381973207,1.928873092,4,0.126442332535693,"Low","M",1,"N"
14,"Circle",10,2.585855493,0.781186944,1,0.0920293067603117,"Low","M",1,"Y"
14,"Circle",10,2.488122372,1.133433401,2,0.109836282102875,"Low","M",1,"N"
14,"Circle",10,2.600108239,1.037736387,2,0.100401497923994,"Low","M",1,"N"
14,"Circle",11,4.665866347,0.676270508,1,0.0748679199927809,"Low","M",1,"Y"
14,"Circle",11,2.945178071,0.670268107,1,0.0686262072150504,"Low","M",1,"Y"
14,"Circle",11,2.93717487,0.858343337,2,0.0765097327269928,"Low","M",1,"N"
14,"Circle",11,4.257703081,0.978391357,2,0.0706380961357462,"Low","M",1,"N"
14,"Circle",11,2.633053221,1.370548219,3,0.113694837179615,"Low","M",1,"N"
14,"Circle",11,2.529011605,1.086434574,2,0.105910018556561,"Low","M",1,"N"
14,"Circle",11,3.223289316,1.928771509,4,0.12843716737422,"Low","M",1,"N"
14,"Circle",11,3.453381353,1.629985994,3,0.106827730156302,"Low","M",1,"N"
14,"Circle",11,3.517406963,1.544617847,3,0.100912934441614,"Low","M",1,"N"
14,"Circle",11,4.385088035,1.101106443,2,0.0814873840006984,"Low","M",1,"N"
14,"Circle",12,3.4727749,0.855910359,2,0.0578685214409854,"Low","M",1,"N"
14,"Circle",12,3.666667331,1.395085657,3,0.0895592628357613,"Low","M",1,"N"
14,"Circle",12,3.393093625,1.267595618,2,0.084695829585514,"Low","M",1,"N"
14,"Circle",12,3.162017928,1.217131474,2,0.0866221914735252,"Low","M",1,"N"
14,"Circle",12,2.875165339,1.023241036,2,0.0867757281931623,"Low","M",1,"N"
14,"Circle",12,2.77689243,1.299468127,3,0.104298764608058,"Low","M",1,"N"
14,"Circle",12,2.992031873,1.530543825,3,0.109448769047961,"Low","M",1,"N"
14,"Circle",12,3.541832669,1.13213745,2,0.0744632650730149,"Low","M",1,"N"
14,"Circle",12,3.334661355,3.596946215,8,0.232948289967012,"Low","M",1,"N"
14,"Circle",13,3.27104642,0.868082219,2,0.0635489970000181,"Low","M",1,"N"
14,"Circle",13,3.876868607,0.870706137,2,0.057343857711467,"Low","M",1,"N"
14,"Circle",13,3.119590873,1.483084186,3,0.103300297820067,"Low","M",1,"N"
14,"Circle",13,2.403619197,0.931681747,2,0.1069454017642,"Low","M",1,"N"
14,"Circle",13,2.627852085,0.95266129,2,0.0956726024012901,"Low","M",1,"N"
14,"Circle",14,3.559871173,0.649116878,1,0.0436833030812521,"Low","M",1,"Y"
14,"Circle",14,2.693553025,0.957804332,2,0.0925265319369739,"Low","M",1,"N"
14,"Circle",14,3.851133308,1.042443988,2,0.0683147419447488,"Low","M",1,"N"
14,"Circle",14,4.129947722,1.194299851,2,0.0805232382070014,"Low","M",1,"N"
14,"Circle",14,3.671895071,1.418347647,3,0.091028294947221,"Low","M",1,"N"
14,"Circle",14,4.261887603,0.905526512,2,0.0666814477176984,"Low","M",1,"N"
14,"Circle",14,4.321633682,0.584391337,1,0.0533190223195946,"Low","M",1,"Y"
14,"Circle",14,4.702514937,0.800970874,1,0.0811697607513825,"Low","M",1,"Y"
14,"Circle",15,3.533198224,1.568752827,3,0.10236040967258,"Low","M",1,"N"
14,"Circle",15,3.517905758,1.109978831,2,0.0732536476464941,"Low","M",1,"N"
14,"Circle",15,3.296164993,0.850006901,2,0.0617545588668584,"Low","M",1,"N"
14,"Circle",15,3.612208664,0.799031375,1,0.0527926349037227,"Low","M",1,"Y"
14,"Circle",15,2.648783274,1.304957779,3,0.109881613455406,"Low","M",1,"N"
14,"Circle",15,2.908755205,1.731235283,4,0.123346344106099,"Low","M",1,"N"
18,"Circle",3,3.892436149,1.102652259,4,0.183353289823619,"Low","M",1,"N"
18,"Circle",5,3.665540541,1.813063767,8,0.295222824261754,"Low","M",1,"N"
19,"Circle",4,4.073795181,0.670180723,2,0.0660278080893067,"Low","M",1,"N"
19,"Circle",5,2.878113879,1.881672598,7,0.183976445344616,"Low","M",1,"N"
19,"Circle",7,4.354545455,0.729545455,2,0.0847186327929715,"Low","M",1,"N"
19,"Circle",8,3.901376147,0.583715596,1,0.0541778163127714,"Low","M",1,"Y"
11,"Circle",3,3.552695794,0.545685279,1,0.04248820621728,"Low","M",1,"Y"
11,"Circle",3,2.828136331,0.736040609,1,0.087847628907779,"Low","M",1,"Y"
11,"Circle",3,3.088591371,0.608533358,1,0.0669286182329402,"Low","M",1,"Y"
11,"Circle",3,3.939448876,1.411046048,3,0.104845186812136,"Low","M",1,"N"
11,"Circle",3,3.915277375,1.604423495,4,0.118814911787196,"Low","M",1,"N"
11,"Circle",3,3.799251269,1.725284627,4,0.125846698189799,"Low","M",1,"N"
11,"Circle",3,3.736403191,1.879985497,5,0.137078721483382,"Low","M",1,"N"
11,"Circle",3,3.173192531,1.631013416,4,0.126282544448847,"Low","M",1,"N"
11,"Circle",3,3.388324873,2.058859681,5,0.153174945034836,"Low","M",1,"N"
11,"Circle",3,2.64684554,0.989847716,2,0.109397823634741,"Low","M",1,"N"
