"Colony","Nest","Day","ScaledX","ScaledY","Bin","CoordID","ColorID","Head","Sex","SexNumber","TotalNumber"
11,"Circle",4,3.473164902,1.170882644,3,25,"A,M,1,1","A","M",1,1
11,"Circle",4,2.812461713,0.837754986,2,29,"A,M,2,2","A","M",2,2
11,"Circle",4,4.124614544,1.426280515,3,33,"A,M,3,3","A","M",3,3
11,"Circle",4,3.745219155,1.846391506,5,38,"A,M,4,4","A","M",4,4
11,"Circle",4,3.49907483,1.809377321,5,39,"A,M,5,5","A","M",5,5
11,"Circle",4,3.608266674,1.779765974,4,40,"A,M,6,6","A","M",6,6
11,"Circle",4,3.682295042,1.950031221,5,41,"A,M,7,7","A","M",7,7
11,"Circle",4,3.971005679,1.924121293,5,44,"A,M,8,8","A","M",8,8
11,"Circle",4,4.054287594,1.753856045,4,45,"A,M,9,9","A","M",9,9
11,"Circle",4,4.227019836,1.84392451,5,48,"A,F,1,10","A","F",1,10
11,"Circle",4,4.380012415,2.379395758,6,58,"A,F,2,11","A","F",2,11
11,"Circle",4,3.474399325,2.495374152,7,69,"A,M,10,12","A","M",10,12
11,"Circle",4,3.245527669,1.7649603,4,87,"A,M,11,13","A","M",11,13
11,"Circle",5,3.722419929,0.754448399,1,18,"A,M,1,1","A","M",1,1
11,"Circle",5,3.444839858,0.943060498,2,23,"A,M,2,2","A","M",2,2
11,"Circle",5,3.81316726,1.233096085,3,30,"A,M,3,3","A","M",3,3
11,"Circle",5,4.327402135,0.975088968,2,34,"A,M,4,4","A","M",4,4
11,"Circle",5,3.951957295,1.28113879,3,35,"A,M,5,5","A","M",5,5
11,"Circle",5,3.731316726,1.355871886,3,36,"A,M,6,6","A","M",6,6
11,"Circle",5,4.197508897,1.473309609,3,40,"A,M,7,7","A","M",7,7
11,"Circle",5,3.247330961,1.912811388,5,50,"A,M,8,8","A","M",8,8
11,"Circle",5,3.596085409,2.008896797,5,52,"A,M,9,9","A","M",9,9
11,"Circle",5,3.364768683,2.080071174,5,55,"A,?,?,10","A","?",NA,10
11,"Circle",5,3.939501779,2.295373665,6,58,"A,M,10,11","A","M",10,11
11,"Circle",5,3.754448399,2.53202847,7,59,"A,F,1,12","A","F",1,12
11,"Circle",5,2.212930605,2.669631673,7,89,"A,F,2,13","A","F",2,13
11,"Circle",5,3.225978648,1.654211744,4,95,"A,M,11,14","A","M",11,14
11,"Circle",5,2.632859431,1.599644128,4,99,"A,M,12,15","A","M",12,15
11,"Circle",6,4.208332721,0.702818015,1,12,"A,M,1,1","A","M",1,1
11,"Circle",6,4.117647059,0.690564338,1,13,"A,M,2,2","A","M",2,2
11,"Circle",6,3.453431985,0.945465074,2,33,"A,M,3,3","A","M",3,3
11,"Circle",6,3.198529412,0.962623162,2,39,"A,M,4,4","A","M",4,4
11,"Circle",6,3.063726103,1.045955882,2,42,"A,M,5,5","A","M",5,5
11,"Circle",6,3.512255515,1.288602941,3,45,"A,M,6,6","A","M",6,6
11,"Circle",6,4.159314338,0.962623162,2,47,"A,M,7,7","A","M",7,7
11,"Circle",6,4.272058824,1.126838235,2,48,"A,M,8,8","A","M",8,8
11,"Circle",6,3.816176471,1.653799632,4,53,"A,M,9,9","A","M",9,9
11,"Circle",6,3.725490809,2.161152574,6,63,"A,F,1,10","A","F",1,10
11,"Circle",6,2.850490809,1.624387868,4,68,"A,M,10,11","A","M",10,11
11,"Circle",6,2.924020221,1.751838235,4,69,"A,F,2,12","A","F",2,12
11,"Circle",6,3.781862132,2.271446691,6,73,"A,F,3,13","A","F",3,13
11,"Circle",6,2.150735294,1.930147059,5,103,"A,M,11,14","A","M",11,14
11,"Circle",6,2.643382353,1.917279412,5,111,"A,F,4,15","A","F",4,15
11,"Circle",8,4.11258473,0.5598211,1,18,"A,M,1,1","A","M",1,1
11,"Circle",8,3.90079377,0.884938802,2,31,"A,M,2,2","A","M",2,2
11,"Circle",8,4.105153469,0.92209511,2,32,"A,M,3,3","A","M",3,3
11,"Circle",8,4.058708083,1.288084752,3,42,"A,M,4,4","A","M",4,4
11,"Circle",8,3.553382283,1.589050853,4,55,"A,M,5,5","A","M",5,5
11,"Circle",8,3.670424656,1.57418833,4,56,"A,M,6,6","A","M",6,6
11,"Circle",8,3.363885108,1.934604525,5,60,"A,F,1,7","A","F",1,7
11,"Circle",8,3.698291887,2.020064035,5,62,"A,F,2,8","A","F",2,8
11,"Circle",8,3.278425598,2.328461398,6,79,"A,F,3,9","A","F",3,9
11,"Circle",8,3.075923715,2.179836163,6,81,"A,F,4,10","A","F",4,10
11,"Circle",8,3.393610155,2.768763657,7,83,"A,F,5,11","A","F",5,11
11,"Circle",8,3.928661002,2.581124298,7,87,"A,F,6,12","A","F",6,12
11,"Circle",8,2.743993404,2.230615832,6,98,"A,M,7,13","A","M",7,13
11,"Circle",8,4.199902056,1.596482115,4,140,"A,F,7,14","A","F",7,14
11,"Circle",8,3.976964203,1.57418833,4,142,"A,M,8,15","A","M",8,15
11,"Circle",8,4.888532931,1.056476475,2,145,"A,F,8,16","A","F",8,16
11,"Circle",9,3.227941176,0.558823529,1,18,"A,M,1,1","A","M",1,1
11,"Circle",9,3.202205882,0.863970588,2,20,"A,M,2,2","A","M",2,2
11,"Circle",9,2.860294118,0.886029412,2,29,"A,M,3,3","A","M",3,3
11,"Circle",9,3.742647059,0.78125,2,34,"A,M,4,4","A","M",4,4
11,"Circle",9,4.180147059,1.102941176,2,41,"A,M,5,5","A","M",5,5
11,"Circle",9,4.340073529,1.152573529,3,42,"A,M,6,6","A","M",6,6
11,"Circle",9,3.555147059,3.215685662,8,67,"A,F,1,7","A","F",1,7
11,"Circle",9,3.472426471,1.259191176,3,93,"A,M,7,8","A","M",7,8
11,"Circle",9,3.163602941,1.555147059,4,100,"A,F,2,9","A","F",2,9
11,"Circle",9,3.435661765,1.628676471,4,109,"A,M,8,10","A","M",8,10
11,"Circle",9,3.455882353,1.805147059,5,111,"A,M,9,11","A","M",9,11
11,"Circle",9,3.909926471,1.586397059,4,113,"A,M,10,12","A","M",10,12
11,"Circle",9,3.220588235,2.108455882,5,114,"A,F,3,13","A","F",3,13
11,"Circle",9,3.473038603,2.719976103,7,133,"A,M,11,14","A","M",11,14
11,"Circle",9,3.900123162,2.398897059,6,145,"A,F,4,15","A","F",4,15
11,"Circle",9,3.972426471,2.085170956,5,148,"A,F,5,16","A","F",5,16
11,"Circle",10,3.475972687,0.854595102,2,15,"A,M,1,1","A","M",1,1
11,"Circle",10,3.31991619,1.025514123,2,18,"A,M,2,2","A","M",2,2
11,"Circle",10,5.014243871,1.05523917,2,42,"A,F,1,3","A","F",1,3
11,"Circle",10,3.710676085,2.597844637,7,101,"A,F,2,4","A","F",2,4
11,"Circle",10,3.675998102,2.112336155,5,106,"A,F,3,5","A","F",3,5
11,"Circle",10,3.81471375,1.768021646,4,109,"A,F,4,6","A","F",4,6
11,"Circle",10,4.062423713,1.82747174,5,111,"A,F,5,7","A","F",5,7
11,"Circle",10,3.519941605,1.356823923,3,116,"A,F,6,8","A","F",6,8
11,"Circle",10,3.111840861,1.300470808,3,125,"A,M,3,9","A","M",3,9
11,"Circle",10,3.004087566,1.421228811,3,128,"A,M,4,10","A","M",4,10
11,"Circle",10,2.465321088,0.871315441,2,135,"A,M,5,11","A","M",5,11
11,"Circle",10,2.463463273,1.737057436,4,139,"A,F,7,12","A","F",7,12
11,"Circle",10,2.587936907,2.145776833,6,143,"A,M,6,13","A","M",6,13
11,"Circle",10,3.04310169,1.900545195,5,147,"A,F,8,14","A","F",8,14
11,"Circle",10,2.641813555,2.591652538,7,156,"A,F,9,15","A","F",9,15
11,"Circle",11,3.049213918,0.838856775,2,9,"A,M,1,1","A","M",1,1
11,"Circle",11,2.823392857,0.973858616,2,11,"A,M,2,2","A","M",2,2
11,"Circle",11,4.058050442,3.18728461,8,45,"A,F,1,3","A","F",1,3
11,"Circle",11,2.372361929,1.931148748,5,79,"A,F,2,4","A","F",2,4
11,"Circle",11,2.887210972,2.391997423,6,91,"A,F,3,5","A","F",3,5
11,"Circle",11,3.636474595,1.456798601,3,118,"A,M,3,6","A","M",3,6
11,"Circle",11,4.181393594,1.062836892,2,126,"A,M,4,7","A","M",4,7
11,"Circle",11,4.053755523,1.319342784,3,128,"A,M,5,8","A","M",5,8
11,"Circle",11,3.588610088,2.052037923,5,137,"A,F,4,9","A","F",4,9
11,"Circle",11,3.64015648,2.700049705,7,142,"A,F,5,10","A","F",5,10
11,"Circle",11,4.328668999,2.90746134,8,149,"A,F,6,11","A","F",6,11
11,"Circle",11,3.674521355,2.932008468,8,151,"A,F,7,12","A","F",7,12
11,"Circle",11,4.420103093,1.444526878,3,171,"A,F,8,13","A","F",8,13
11,"Circle",11,4.876656848,1.119293078,2,173,"A,?,?,14","A","?",NA,14
11,"Circle",12,3.020597212,0.676337604,1,6,"A,M,1,1","A","M",1,1
11,"Circle",12,3.291885833,0.706480784,1,16,"A,M,2,2","A","M",2,2
11,"Circle",12,3.334589299,1.331951771,3,33,"A,M,3,3","A","M",3,3
11,"Circle",12,3.882191032,1.068198945,2,36,"A,M,4,4","A","M",4,4
11,"Circle",12,2.621200075,2.630619819,7,67,"A,F,1,5","A","F",1,5
11,"Circle",12,2.485555765,2.731098342,7,69,"A,F,2,6","A","F",2,6
11,"Circle",12,3.482793896,2.640668802,7,80,"A,F,3,7","A","F",3,7
11,"Circle",12,3.397386963,3.180732856,8,84,"A,F,4,8","A","F",4,8
11,"Circle",12,3.824415976,1.645943858,4,108,"A,F,5,9","A","F",5,9
11,"Circle",12,4.610022607,0.827053504,2,136,"A,F,6,10","A","F",6,10
11,"Circle",12,4.446119066,1.094574228,2,157,"A,F,7,11","A","F",7,11
11,"Circle",13,4.392254601,1.848159509,5,29,"A,F,1,1","A","F",1,1
11,"Circle",13,4.844708589,2.45398773,6,36,"A,F,2,2","A","F",2,2
11,"Circle",13,3.114135353,1.119631902,2,47,"A,F,3,3","A","F",3,3
11,"Circle",13,3.05278566,1.602760736,4,48,"A,F,4,4","A","F",4,4
11,"Circle",13,2.181110046,1.789365414,4,60,"A,F,5,5","A","F",5,5
11,"Circle",13,2.843174847,0.991819402,2,76,"A,M,1,6","A","M",1,6
11,"Circle",13,3.666282592,0.743865031,1,82,"A,M,2,7","A","M",2,7
11,"Circle",13,4.502172163,1.411042945,3,100,"A,F,6,8","A","F",6,8
11,"Circle",13,4.351355445,0.92791411,2,113,"A,M,3,9","A","M",3,9
11,"Circle",13,2.554319402,2.45398773,6,125,"A,F,7,10","A","F",7,10
11,"Circle",13,2.358128834,0.814162193,2,183,"A,?,?,?","A","?",NA,NA
11,"Circle",13,4.047800997,1.70117523,4,186,"A,F,8,11","A","F",8,11
11,"Tube",12,6.407945953,3.569987209,7,74,"A,M,1,1","A","M",1,1
11,"Tube",12,4.478563616,1.98297566,8,88,"A,M,2,2","A","M",2,2
11,"Tube",13,6.06314519,3.72825766,6,71,"A,M,1,1","A","M",1,1
11,"Tube",13,6.537055516,3.294681334,7,75,"A,M,2,2","A","M",2,2
11,"Tube",13,5.884168026,1.751954027,8,83,"A,M,3,3","A","M",3,3
11,"Tube",13,5.125408983,1.740610444,8,87,"A,M,4,4","A","M",4,4
12,"Tube",3,3.700638337,1.371105592,1,15,"A,M,1,1","A","M",1,1
12,"Tube",3,2.271891096,1.547706034,2,28,"A,M,2,2","A","M",2,2
12,"Tube",3,2.132082414,1.676477189,2,30,"A,M,3,3","A","M",3,3
12,"Tube",3,1.440397351,2.857492642,3,41,"A,F,1,4","A","F",1,4
12,"Tube",3,1.609639441,2.872209345,3,42,"A,M,4,5","A","M",4,5
12,"Tube",3,2.514716703,3.405689845,4,49,"A,M,5,6","A","M",5,6
12,"Tube",3,3.062301325,3.357247976,5,54,"A,F,2,7","A","F",2,7
12,"Tube",3,3.460264901,3.379935614,5,57,"A,M,6,8","A","M",6,8
12,"Tube",3,3.302060338,3.162864238,5,58,"A,M,7,9","A","M",7,9
12,"Tube",3,3.519131714,3.218051876,5,59,"A,M,8,10","A","M",8,10
12,"Tube",3,3.651582046,3.427764901,5,60,"A,M,9,11","A","M",9,11
12,"Tube",3,3.732523915,3.44616078,5,61,"A,M,10,12","A","M",10,12
12,"Tube",3,4.245768948,3.210080942,5,63,"A,M,11,13","A","M",11,13
12,"Tube",3,4.078979029,3.462717071,5,66,"A,M,12,14","A","M",12,14
12,"Tube",3,4.623497057,3.251777042,6,69,"A,M,13,15","A","M",13,15
12,"Tube",3,4.711797277,3.364606328,6,70,"A,F,3,16","A","F",3,16
12,"Tube",3,4.802551508,3.433283664,6,71,"A,M,14,17","A","M",14,17
12,"Tube",3,5.887293966,3.137110007,6,79,"A,M,15,18","A","M",15,18
12,"Tube",3,5.529188742,3.419179544,6,83,"A,M,16,19","A","M",16,19
12,"Tube",3,6.33124908,2.330143488,7,88,"A,M,17,20","A","M",17,20
12,"Tube",3,6.046725533,1.721854305,7,91,"A,M,18,21","A","M",18,21
12,"Tube",3,4.514348786,1.680156365,8,96,"A,M,19,22","A","M",19,22
12,"Tube",3,4.470198675,1.794210817,8,98,"A,F,4,23","A","F",4,23
12,"Tube",5,3.682142594,0.776836772,1,11,"A,M,1,1","A","M",1,1
12,"Tube",5,3.662490789,1.378653279,1,17,"A,M,2,2","A","M",2,2
12,"Tube",5,3.318594326,1.747113117,1,22,"A,F,1,3","A","F",1,3
12,"Tube",5,2.485261606,1.674649963,2,27,"A,M,3,4","A","M",3,4
12,"Tube",5,2.278924097,1.549373618,2,29,"A,M,4,5","A","M",4,5
12,"Tube",5,2.094694178,1.748341931,2,30,"A,M,5,6","A","M",5,6
12,"Tube",5,2.005650332,1.556129329,2,32,"A,M,6,7","A","M",6,7
12,"Tube",5,1.642102063,1.887743183,3,37,"A,M,7,8","A","M",7,8
12,"Tube",5,1.433308769,1.946696758,3,38,"A,F,2,9","A","F",2,9
12,"Tube",5,1.421026161,2.516580693,3,39,"A,F,3,10","A","F",3,10
12,"Tube",5,1.548760133,2.256203021,3,42,"A,F,4,11","A","F",4,11
12,"Tube",5,1.531564112,2.663964628,3,46,"A,M,8,12","A","M",8,12
12,"Tube",5,1.656840457,3.160156595,4,49,"A,M,9,13","A","M",9,13
12,"Tube",5,1.62736367,3.280521371,4,50,"A,M,10,14","A","M",10,14
12,"Tube",5,1.696144068,3.440186072,4,51,"A,M,11,15","A","M",11,15
12,"Tube",5,1.784574429,3.133137436,4,54,"A,M,12,16","A","M",12,16
12,"Tube",5,2.6958972,3.422991894,4,59,"A,F,5,16","A","F",5,16
12,"Tube",5,3.266396463,3.253500368,5,67,"A,M,13,17","A","M",13,17
12,"Tube",5,4.003316139,3.131908622,5,71,"A,M,14,18","A","M",14,18
12,"Tube",5,4.20412675,3.406411201,5,73,"A,F,5,19","A","F",5,19
12,"Tube",5,4.745762712,3.246131172,6,75,"A,M,15,20","A","M",15,20
12,"Tube",5,4.913411938,3.161385409,6,76,"A,M,16,21","A","M",16,21
12,"Tube",5,5.138785925,3.187177598,6,81,"A,M,17,22","A","M",17,22
12,"Tube",5,5.447678703,3.225865881,6,83,"A,F,6,23","A","F",6,23
12,"Tube",5,6.162490789,3.026897568,6,85,"A,M,18,24","A","M",18,24
12,"Tube",5,6.011422255,2.827929256,7,86,"A,M,19,25","A","M",19,25
12,"Tube",5,6.188282977,2.072586588,7,89,"A,M,20,26","A","M",20,26
12,"Tube",5,6.29513633,1.5899042,7,92,"A,M,20,26","A","M",20,26
12,"Tube",5,6.092483419,1.578850405,7,93,"A,M,21,27","A","M",21,27
12,"Tube",5,5.788504053,1.717022845,7,95,"A,F,7,28","A","F",7,28
12,"Tube",5,5.683492999,1.62736367,7,100,"A,M,22,28","A","M",22,28
12,"Tube",5,4.568288504,1.60525608,8,101,"A,M,23,29","A","M",23,29
12,"Tube",7,3.623323398,0.698584203,1,11,"A,M,1,1","A","M",1,1
12,"Tube",7,3.129657228,1.732488823,2,22,"A,M,2,2","A","M",2,2
12,"Tube",7,2.431073025,1.467958271,2,28,"A,M,3,3","A","M",3,3
12,"Tube",7,2.468330849,1.602086438,2,29,"A,M,4,4","A","M",4,4
12,"Tube",7,2.274590164,1.795827124,2,31,"A,M,5,5","A","M",5,5
12,"Tube",7,1.69709389,1.531296572,3,39,"A,M,6,6","A","M",6,6
12,"Tube",7,1.702682563,1.676602086,3,40,"A,M,7,7","A","M",7,7
12,"Tube",7,1.779061103,2.492548435,3,46,"A,M,8,8","A","M",8,8
12,"Tube",7,1.467958271,3.026266766,4,52,"A,M,9,9","A","M",9,9
12,"Tube",7,1.663561848,3.177160954,4,53,"A,M,10,10","A","M",10,10
12,"Tube",7,1.757637854,3.237704918,4,54,"A,M,11,11","A","M",11,11
12,"Tube",7,1.576005961,3.393256334,4,56,"A,M,12,12","A","M",12,12
12,"Tube",7,2.755836438,3.392945231,4,62,"A,M,13,13","A","M",13,13
12,"Tube",7,3.845007452,3.446348733,5,68,"A,M,14,14","A","M",14,14
12,"Tube",7,4.04247392,3.103576751,5,70,"A,F,1,15","A","F",1,15
12,"Tube",7,3.85494225,3.269994411,5,71,"A,M,15,16","A","M",15,16
12,"Tube",7,4.294584575,3.227770119,5,72,"A,M,16,17","A","M",16,17
12,"Tube",7,4.226279806,3.410333458,5,73,"A,F,2,18","A","F",2,18
12,"Tube",7,4.664679583,3.461251863,6,75,"A,M,17,19","A","M",17,19
12,"Tube",7,4.476527571,3.30942623,5,76,"A,M,18,20","A","M",18,20
12,"Tube",7,4.458830104,3.188338301,5,77,"A,M,19,21","A","M",19,21
12,"Tube",7,4.680514158,3.11661699,6,78,"A,M,20,22","A","M",20,22
12,"Tube",7,4.603204173,3.233979136,6,79,"A,M,21,23","A","M",21,23
12,"Tube",7,4.743852459,3.36438152,6,80,"A,F,3,24","A","F",3,24
12,"Tube",7,5.137853949,3.19485842,6,81,"A,M,22,25","A","M",22,25
12,"Tube",7,5.320417288,3.316877794,6,86,"A,F,4,26","A","F",4,26
12,"Tube",7,5.448956781,3.376490313,6,87,"A,M,23,27","A","M",23,27
12,"Tube",7,5.607302534,3.414679583,6,88,"A,M,24,28","A","M",24,28
12,"Tube",7,5.763785395,3.245776826,6,90,"A,M,25,29","A","M",25,29
12,"Tube",7,6.223919523,2.786264903,7,93,"A,F,5,30","A","F",5,30
12,"Tube",7,6.127980626,2.378912072,7,95,"A,M,26,31","A","M",26,31
12,"Tube",7,5.650149031,1.421385991,8,100,"A,F,6,32","A","F",6,32
12,"Tube",7,5.555761923,1.618852459,8,101,"A,M,27,33","A","M",27,33
12,"Tube",7,5.273845007,1.477272727,8,104,"A,F,7,34","A","F",7,34
12,"Tube",8,3.687702855,1.510768219,1,12,"A,M,1,1","A","M",1,1
12,"Tube",8,2.833709617,1.508264463,2,20,"A,M,2,2","A","M",2,2
12,"Tube",8,2.638367769,1.703606311,2,23,"A,M,3,3","A","M",3,3
12,"Tube",8,2.426746807,1.527047333,2,25,"A,F,1,4","A","F",1,4
12,"Tube",8,2.114951165,1.671675432,2,26,"A,M,4,5","A","M",4,5
12,"Tube",8,1.987227648,1.607813674,2,31,"A,M,5,6","A","M",5,6
12,"Tube",8,1.631605935,1.681692337,3,37,"A,M,6,7","A","M",6,7
12,"Tube",8,1.606560856,1.862007889,3,38,"A,M,7,8","A","M",7,8
12,"Tube",8,1.476333584,1.937139369,3,39,"A,M,8,9","A","M",8,9
12,"Tube",8,1.408715252,1.714250563,3,40,"A,M,9,10","A","M",9,10
12,"Tube",8,1.606560856,2.645880917,3,44,"A,M,10,11","A","M",10,11
12,"Tube",8,1.646632231,2.796143877,3,45,"A,M,11,12","A","M",11,12
12,"Tube",8,1.704231781,2.936388054,3,56,"A,?,?,13","A","?",NA,13
12,"Tube",8,3.219383922,3.089782119,5,59,"A,M,12,14","A","M",12,14
12,"Tube",8,3.50864012,3.258827949,5,60,"A,M,13,15","A","M",13,15
12,"Tube",8,3.726521412,3.146130729,5,61,"A,M,14,16","A","M",14,16
12,"Tube",8,4.228024042,3.166791886,5,63,"A,M,15,17","A","M",15,17
12,"Tube",8,4.325694966,3.18933133,5,64,"A,M,16,18","A","M",16,18
12,"Tube",8,4.145379414,3.155522164,5,65,"A,M,16,19","A","M",16,19
12,"Tube",8,4.483471074,3.266341097,5,66,"A,M,16,20","A","M",16,20
12,"Tube",8,4.622464313,3.347107438,6,67,"A,M,16,21","A","M",16,21
12,"Tube",8,4.911720511,3.178061608,6,72,"A,F,2,22","A","F",2,22
12,"Tube",8,6.157024793,3.260706236,6,82,"A,M,20,23","A","M",20,23
12,"Tube",8,6.072501878,2.806160781,7,83,"A,F,3,24","A","F",3,24
12,"Tube",8,6.339218633,2.723516153,7,86,"A,F,4,25","A","F",4,25
12,"Tube",8,6.239669421,2.511269722,7,87,"A,M,21,26","A","M",21,26
12,"Tube",8,6.228399699,2.227648385,7,91,"A,?,?,27","A","?",NA,27
12,"Tube",8,6.164537941,1.863260706,7,92,"A,M,22,28","A","M",22,28
12,"Tube",8,6.059353869,1.897069872,7,93,"A,M,23,29","A","M",23,29
12,"Tube",8,5.929752066,1.769346356,7,94,"A,M,24,30","A","M",24,30
12,"Tube",8,6.006761833,1.681066867,7,95,"A,M,25,31","A","M",25,31
12,"Tube",8,6.068745304,1.669797145,7,96,"A,M,26,32","A","M",26,32
12,"Tube",8,6.188955672,1.718632607,7,97,"A,M,27,33","A","M",27,33
12,"Tube",8,6.337340346,1.536438768,7,99,"A,M,28,34","A","M",28,34
12,"Tube",8,5.546581518,1.474455297,8,102,"A,F,5,35","A","F",5,35
12,"Tube",8,4.83095417,1.489481593,8,103,"A,M,29,35","A","M",29,35
12,"Tube",8,4.370773854,1.645379414,8,106,"A,M,30,36","A","M",30,36
12,"Tube",9,3.333333333,1.695906433,1,19,"A,M,1,1","A","M",1,1
12,"Tube",9,3.14875731,1.763523392,2,22,"A,M,2,2","A","M",2,2
12,"Tube",9,2.775950292,1.449195906,2,25,"A,M,3,3","A","M",3,3
12,"Tube",9,2.543859649,1.631335892,2,28,"A,M,4,4","A","M",4,4
12,"Tube",9,2.135721857,1.705652412,2,30,"A,M,5,5","A","M",5,5
12,"Tube",9,2.009014985,1.502192982,2,32,"A,M,5,5","A","M",5,5
12,"Tube",9,1.614278143,1.660575658,3,36,"A,M,6,6","A","M",6,6
12,"Tube",9,1.775096857,1.689815424,3,37,"A,M,7,7","A","M",7,7
12,"Tube",9,1.49122807,1.987085161,3,39,"A,M,8,8","A","M",8,8
12,"Tube",9,1.695906433,2.411061769,3,41,"A,M,9,9","A","M",9,9
12,"Tube",9,1.733675073,2.670564693,3,45,"A,M,10,10","A","M",10,10
12,"Tube",9,3.076876827,3.15911367,5,58,"A,F,1,11","A","F",1,11
12,"Tube",9,3.149976243,3.402777778,5,59,"A,F,2,12","A","F",2,12
12,"Tube",9,4.449318348,3.435672515,5,66,"A,M,11,13","A","M",11,13
12,"Tube",9,4.356725146,3.205409357,5,67,"A,M,12,14","A","M",12,14
12,"Tube",9,5.404482822,3.333333333,6,73,"A,F,3,15","A","F",3,15
12,"Tube",9,5.910696272,3.206017909,6,78,"A,M,13,16","A","M",13,16
12,"Tube",9,6.013035453,3.098806652,6,79,"A,M,14,17","A","M",14,17
12,"Tube",9,6.065423977,2.72721674,7,84,"A,M,15,18","A","M",15,18
12,"Tube",9,5.958210892,2.057139985,7,86,"A,F,4,19","A","F",4,19
12,"Tube",9,6.215277778,1.923123173,7,87,"A,M,15,20","A","M",15,20
12,"Tube",9,6.077607822,1.627070541,7,88,"A,M,16,21","A","M",16,21
12,"Tube",9,5.970394737,1.628289474,7,90,"A,M,17,22","A","M",17,22
12,"Tube",9,5.810794956,1.508894371,7,91,"A,M,18,23","A","M",18,23
12,"Tube",9,5.907041301,1.507675439,7,92,"A,M,19,24","A","M",19,24
12,"Tube",9,5.280824196,1.650219298,8,96,"A,M,20,25","A","M",20,25
12,"Tube",9,5.107821637,1.630725512,8,97,"A,M,21,26","A","M",21,26
12,"Tube",9,5.081017909,1.736719664,8,98,"A,M,22,27","A","M",22,27
12,"Tube",9,5.145590278,1.46747076,8,100,"A,M,23,28","A","M",23,28
12,"Tube",9,4.574195906,1.617324561,8,101,"A,M,24,29","A","M",24,29
12,"Tube",9,4.464546784,1.67093019,8,103,"A,M,25,30","A","M",25,30
12,"Tube",10,3.653774637,0.974339903,1,7,"A,M,1,1","A","M",1,1
12,"Tube",10,2.674475642,1.746621421,2,13,"A,M,2,2","A","M",2,2
12,"Tube",10,2.756290443,1.5681164,2,15,"A,M,3,3","A","M",3,3
12,"Tube",10,2.637287096,1.47886389,2,16,"A,M,4,4","A","M",4,4
12,"Tube",10,2.386885459,1.671625139,2,21,"A,M,5,5","A","M",5,5
12,"Tube",10,2.317465601,1.524111194,2,22,"A,M,6,6","A","M",6,6
12,"Tube",10,1.962936036,1.520392339,2,25,"A,M,7,7","A","M",7,7
12,"Tube",10,1.646833395,1.59600781,3,27,"A,M,8,8","A","M",8,8
12,"Tube",10,1.504276683,1.956117516,3,31,"A,M,9,9","A","M",9,9
12,"Tube",10,1.729267386,2.114168836,3,33,"A,M,10,10","A","M",10,10
12,"Tube",10,1.413164745,2.984380811,4,39,"A,M,11,11","A","M",11,11
12,"Tube",10,1.57493492,2.861658609,3,40,"A,M,12,12","A","M",12,12
12,"Tube",10,1.736705095,2.876534028,3,41,"A,F,1,13","A","F",1,13
12,"Tube",10,2.639146523,3.160407215,4,54,"A,M,13,14","A","M",13,14
12,"Tube",10,2.820132019,3.237262923,4,56,"A,M,14,15","A","M",14,15
12,"Tube",10,2.941613983,3.373620305,4,57,"A,F,2,16","A","F",2,16
12,"Tube",10,3.068055039,3.326515433,5,58,"A,M,15,17","A","M",15,17
12,"Tube",10,3.231684641,3.23912235,5,59,"A,M,16,18","A","M",16,18
12,"Tube",10,3.393454816,3.213090368,5,60,"A,M,17,19","A","M",17,19
12,"Tube",10,3.774637412,3.402751952,5,63,"A,M,18,20","A","M",18,20
12,"Tube",10,4.303333953,3.206271848,5,67,"A,M,19,21","A","M",19,21
12,"Tube",10,3.901697657,3.407089996,5,68,"A,M,20,22","A","M",20,22
12,"Tube",10,4.660343994,3.362463741,6,71,"A,F,3,23","A","F",3,23
12,"Tube",10,4.849386389,3.188917813,6,81,"A,M,21,24","A","M",21,24
12,"Tube",10,6.105740052,2.458782075,7,88,"A,M,22,25","A","M",22,25
12,"Tube",10,6.161522871,2.213337672,7,90,"A,M,23,26","A","M",23,26
12,"Tube",10,6.05243585,2.13896058,7,91,"A,M,24,27","A","M",24,27
12,"Tube",10,5.840461138,1.775753068,7,94,"A,M,25,28","A","M",25,28
12,"Tube",10,5.973099665,1.56129974,7,95,"A,M,26,29","A","M",26,29
12,"Tube",10,5.742530681,1.453452956,7,98,"A,M,27,30","A","M",27,30
12,"Tube",11,3.021776813,1.613797205,2,11,"A,M,1,1","A","M",1,1
12,"Tube",11,2.697003399,1.590507931,2,17,"A,M,2,2","A","M",2,2
12,"Tube",11,2.455311556,1.679884819,2,19,"A,M,3,3","A","M",3,3
12,"Tube",11,2.076410498,1.518126888,2,21,"A,M,4,4","A","M",4,4
12,"Tube",11,2.043680136,1.385951662,2,22,"A,M,5,5","A","M",5,5
12,"Tube",11,1.694990559,1.560927115,3,23,"A,M,6,6","A","M",6,6
12,"Tube",11,1.547709592,2.561682402,3,29,"A,M,7,7","A","M",7,7
12,"Tube",11,1.990810045,3.184794184,4,36,"A,M,8,8","A","M",8,8
12,"Tube",11,1.672331949,3.3081571,4,37,"A,M,9,9","A","M",9,9
12,"Tube",11,2.609516616,3.160247356,4,45,"A,M,10,10","A","M",10,10
12,"Tube",11,2.900302115,3.347809668,4,48,"A,M,11,11","A","M",11,11
12,"Tube",11,4.177996601,3.136329305,5,56,"A,M,12,12","A","M",12,12
12,"Tube",11,4.27366503,3.335220921,5,58,"A,M,13,13","A","M",13,13
12,"Tube",11,4.45367636,3.131293429,5,61,"A,M,14,14","A","M",14,14
12,"Tube",11,4.361782477,3.150175604,5,62,"A,M,15,15","A","M",15,15
12,"Tube",11,5.850641994,3.13255287,6,75,"A,M,16,16","A","M",16,16
12,"Tube",11,6.093277946,3.183534743,6,76,"A,M,17,17","A","M",17,17
12,"Tube",11,6.102719033,2.641616314,7,78,"A,M,18,18","A","M",18,18
12,"Tube",11,5.770392749,2.284743202,7,80,"A,M,19,19","A","M",19,19
12,"Tube",11,5.777001511,1.53228852,7,85,"A,F,1,20","A","F",1,20
12,"Tube",11,5.553247734,1.435045317,8,90,"A,F,2,21","A","F",2,21
12,"Tube",11,5.302114804,1.6918429,8,91,"A,M,20,22","A","M",20,22
12,"Tube",11,5.052870091,1.567220544,8,92,"A,M,21,23","A","M",21,23
12,"Tube",11,4.599697885,1.497356495,8,96,"A,M,22,24","A","M",22,24
12,"Tube",11,4.662009063,1.66163142,8,97,"A,M,23,25","A","M",23,25
12,"Tube",12,3.600151745,1.060318665,1,10,"A,M,1,1","A","M",1,1
12,"Tube",12,3.73292868,1.445371775,1,15,"A,M,2,2","A","M",2,2
12,"Tube",12,2.908763278,1.448216995,2,20,"A,M,3,3","A","M",3,3
12,"Tube",12,2.770295903,1.510811836,2,21,"A,M,4,4","A","M",4,4
12,"Tube",12,2.341616085,1.597116844,2,26,"A,M,5,5","A","M",5,5
12,"Tube",12,2.276176024,1.725151745,2,27,"A,M,6,6","A","M",6,6
12,"Tube",12,1.727996965,1.690060698,3,31,"A,M,7,7","A","M",7,7
12,"Tube",12,1.460546282,2.099772382,3,34,"A,M,8,8","A","M",8,8
12,"Tube",12,1.663505311,3.019726859,4,42,"A,M,9,9","A","M",9,9
12,"Tube",12,1.789643399,3.340288316,4,44,"A,M,10,10","A","M",10,10
12,"Tube",12,1.919575114,3.216047041,4,45,"A,M,11,11","A","M",11,11
12,"Tube",12,1.783952959,3.106980273,4,46,"A,M,12,12","A","M",12,12
12,"Tube",12,2.336874052,3.247344461,4,49,"A,M,13,13","A","M",13,13
12,"Tube",12,2.368171472,3.386760243,4,50,"A,M,14,14","A","M",14,14
12,"Tube",12,2.763657056,3.383915023,4,52,"A,M,15,15","A","M",15,15
12,"Tube",12,3.885622155,3.292867982,5,59,"A,M,16,16","A","M",16,16
12,"Tube",12,4.146433991,3.070940819,5,63,"A,M,17,17","A","M",17,17
12,"Tube",12,5.188732929,3.266312595,6,68,"A,M,17,17","A","M",17,17
12,"Tube",12,5.548179059,3.353566009,6,74,"A,M,18,18","A","M",18,18
12,"Tube",12,5.96452959,3.158194234,6,80,"A,M,19,19","A","M",19,19
12,"Tube",12,6.020485584,2.956183612,6,83,"A,M,20,20","A","M",20,20
12,"Tube",12,6.195940819,2.009673748,7,89,"A,F,1,21","A","F",1,21
12,"Tube",12,5.483687405,1.559180577,8,93,"A,M,21,22","A","M",21,22
12,"Tube",12,5.032245827,1.488050076,8,95,"A,M,22,23","A","M",22,23
12,"Tube",12,4.36646434,1.759294385,8,101,"A,M,23,24","A","M",23,24
12,"Tube",13,3.557987711,1.340245776,1,14,"A,M,1,1","A","M",1,1
12,"Tube",13,3.387096774,1.355606759,1,15,"A,M,2,2","A","M",2,2
12,"Tube",13,3.429339478,1.576420891,1,16,"A,M,3,3","A","M",3,3
12,"Tube",13,3.579109063,1.651305684,1,17,"A,M,4,4","A","M",4,4
12,"Tube",13,3.137480799,1.647465438,2,19,"A,M,5,5","A","M",5,5
12,"Tube",13,1.98156682,1.572580645,2,26,"A,M,6,6","A","M",6,6
12,"Tube",13,1.816436252,1.480414747,3,31,"A,M,7,7","A","M",7,7
12,"Tube",13,1.572580645,1.927803379,3,35,"A,M,8,8","A","M",8,8
12,"Tube",13,1.68202765,1.987327189,3,36,"A,M,9,9","A","M",9,9
12,"Tube",13,1.587941628,2.052611367,3,37,"A,M,10,10","A","M",10,10
12,"Tube",13,1.499615975,2.15437788,3,39,"A,M,11,11","A","M",11,11
12,"Tube",13,1.538018433,2.302227343,3,40,"A,M,12,12","A","M",12,12
12,"Tube",13,1.386328725,2.329109063,3,41,"A,M,13,13","A","M",13,13
12,"Tube",13,1.505376344,2.724654378,3,43,"A,M,14,14","A","M",14,14
12,"Tube",13,2.046850998,3.076036866,4,52,"A,M,15,15","A","M",15,15
12,"Tube",13,4.212110215,3.24500768,5,63,"A,M,16,16","A","M",16,16
12,"Tube",13,4.331157834,3.325652842,5,64,"A,M,17,17","A","M",17,17
12,"Tube",13,5.584356759,3.200844854,6,73,"A,M,18,18","A","M",18,18
12,"Tube",13,5.699564132,3.144521889,6,75,"A,M,19,19","A","M",19,19
12,"Tube",13,5.865336022,1.865720046,7,86,"A,M,20,20","A","M",20,20
12,"Tube",13,5.569637097,1.787634409,8,92,"A,M,21,21","A","M",21,21
12,"Tube",13,5.536353687,1.571941244,8,93,"A,M,22,22","A","M",22,22
12,"Tube",13,4.737582565,1.596261521,8,98,"A,F,1,23","A","F",1,23
12,"Tube",13,4.873271889,1.557859063,8,99,"A,M,23,24","A","M",23,24
12,"Tube",13,4.453404378,1.545059524,8,100,"A,M,24,25","A","M",24,25
12,"Tube",13,4.745263057,1.451612903,8,101,"A,M,25,26","A","M",25,26
12,"Tube",14,3.514020537,1.096958926,1,18,"A,M,1,1","A","M",1,1
12,"Tube",14,3.500197472,1.208530806,1,21,"A,M,2,2","A","M",2,2
12,"Tube",14,3.635466035,1.30035545,1,22,"A,M,3,3","A","M",3,3
12,"Tube",14,3.64468207,1.493548578,1,25,"A,M,4,4","A","M",4,4
12,"Tube",14,3.638757899,1.702869273,1,28,"A,M,5,5","A","M",5,5
12,"Tube",14,3.763165482,1.355977488,1,32,"A,M,6,6","A","M",6,6
12,"Tube",14,3.334650474,1.587020142,1,33,"A,M,7,7","A","M",7,7
12,"Tube",14,3.151658768,1.652843602,2,34,"A,M,8,8","A","M",8,8
12,"Tube",14,2.929172591,1.580436414,2,37,"A,M,9,9","A","M",9,9
12,"Tube",14,2.698789494,1.66864139,2,38,"A,M,10,10","A","M",10,10
12,"Tube",14,2.173183254,1.480055292,2,43,"A,M,11,11","A","M",11,11
12,"Tube",14,1.984597156,1.638033175,2,44,"A,M,12,12","A","M",12,12
12,"Tube",14,1.801935229,1.484004739,3,45,"A,M,13,13","A","M",13,13
12,"Tube",14,1.749605055,1.714060032,3,48,"A,M,14,14","A","M",14,14
12,"Tube",14,1.69628752,1.956951027,3,49,"A,F,1,15","A","F",1,15
12,"Tube",14,1.547195893,1.928317536,3,50,"A,M,15,16","A","M",15,16
12,"Tube",14,1.636058452,3.178317536,4,55,"A,M,16,17","A","M",16,17
12,"Tube",14,1.57385466,3.284952607,4,56,"A,M,17,18","A","M",17,18
12,"Tube",14,3.137835703,3.162519747,5,64,"A,M,18,19","A","M",18,19
12,"Tube",14,3.56042654,3.089454976,5,66,"A,M,19,20","A","M",19,20
12,"Tube",14,4.079778831,3.275408768,5,75,"A,?,?,21","A","?",NA,21
12,"Tube",14,5.253751975,3.248420221,6,82,"A,M,20,22","A","M",20,22
12,"Tube",14,5.687861374,3.268825039,6,83,"A,M,21,23","A","M",21,23
12,"Tube",14,5.685886651,3.206951027,6,86,"A,M,22,24","A","M",22,24
12,"Tube",14,5.957083333,2.792916667,7,90,"A,M,23,25","A","M",23,25
12,"Tube",14,6.066350711,2.419036335,7,94,"A,M,24,26","A","M",24,26
12,"Tube",14,5.41271722,1.71307267,8,107,"A,M,25,27","A","M",25,27
12,"Tube",14,4.803185229,1.610716825,8,111,"A,M,26,28","A","M",26,28
13,"Tube",9,5.094304734,1.792714497,6,18,"A,M,1,1","A","M",1,1
13,"Tube",10,4.343283582,0.949626866,8,18,"A,M,1,1","A","M",1,1
13,"Tube",11,4.467840735,0.939892802,8,20,"A,M,1,1","A","M",1,1
13,"Tube",12,4.083343326,0.991047662,8,24,"A,M,1,1","A","M",1,1
13,"Tube",13,4.873076923,1.157692308,7,22,"A,M,1,1","A","M",1,1
13,"Tube",14,4.382022472,1.059390048,8,29,"A,M,1,1","A","M",1,1
14,"Circle",3,3.110658771,0.605107328,1,11,"A,M,1,1","A","M",1,1
14,"Circle",3,3.134715026,1.008512213,2,19,"A,M,2,2","A","M",2,2
14,"Circle",3,3.941524796,1.197261288,2,28,"A,M,3,3","A","M",3,3
14,"Circle",3,3.810140637,1.249074759,2,29,"A,M,4,4","A","M",4,4
14,"Circle",3,3.83234641,1.472982976,3,30,"A,M,5,5","A","M",5,5
14,"Circle",3,2.773871207,1.252775722,2,36,"A,M,6,6","A","M",6,6
14,"Circle",3,4.793362324,1.815321984,4,50,"A,M,7,7","A","M",7,7
14,"Circle",3,4.729213546,1.637675796,3,51,"A,M,8,8","A","M",8,8
14,"Circle",3,4.748950777,1.553787935,3,52,"A,M,9,9","A","M",9,9
14,"Circle",3,4.418948927,1.236737602,2,64,"A,M,10,10","A","M",10,10
14,"Circle",3,4.935233161,0.988156921,2,67,"A,M,11,11","A","M",11,11
14,"Circle",3,4.979644708,1.624722428,3,68,"A,M,12,12","A","M",12,12
14,"Circle",3,5.242413027,1.746854182,4,69,"A,M,13,13","A","M",13,13
14,"Circle",3,5.253515914,1.883789785,4,71,"A,M,14,14","A","M",14,14
14,"Circle",3,4.798297557,2.309400444,5,74,"A,M,15,15","A","M",15,15
14,"Circle",3,3.586848631,2.103380829,5,83,"A,M,16,16","A","M",16,16
14,"Circle",3,3.636195411,2.235381199,5,84,"A,M,17,17","A","M",17,17
14,"Circle",3,3.641130644,2.348876758,5,86,"A,M,18,18","A","M",18,18
14,"Circle",3,3.247594375,2.620281273,6,90,"A,M,19,19","A","M",19,19
14,"Circle",3,3.197631384,2.048482605,5,98,"A,M,20,20","A","M",20,20
14,"Circle",3,2.07253886,2.340242413,5,107,"A,M,21,21","A","M",21,21
14,"Circle",3,2.684431902,1.183073649,2,128,"A,M,22,22","A","M",22,22
14,"Circle",3,3.036639526,2.794226499,7,138,"A,M,23,23","A","M",23,23
14,"Circle",3,2.124352332,2.636935603,6,143,"A,M,24,24","A","M",24,24
14,"Circle",3,3.870590303,3.209350481,8,174,"A,M,25,25","A","M",25,25
14,"Circle",3,4.039600296,2.706637676,6,181,"A,M,26,26","A","M",26,26
14,"Circle",3,4.198741673,2.754750185,6,182,"A,M,27,27","A","M",27,27
14,"Circle",3,4.081545152,2.579570688,6,183,"A,M,28,28","A","M",28,28
14,"Circle",3,4.16173205,2.97742413,7,212,"A,M,29,29","A","M",29,29
14,"Circle",5,4.192739136,0.736372956,1,8,"A,M,1,1","A","M",1,1
14,"Circle",5,4.101074529,0.901369249,2,10,"A,M,2,2","A","M",2,2
14,"Circle",5,3.543753717,0.776705383,1,23,"A,M,3,3","A","M",3,3
14,"Circle",5,4.445733453,0.839037316,2,28,"A,M,4,4","A","M",4,4
14,"Circle",5,4.834391387,0.788315623,1,31,"A,M,5,5","A","M",5,5
14,"Circle",5,4.741503974,1.152530273,2,36,"A,M,6,6","A","M",6,6
14,"Circle",5,3.846857407,1.169640389,2,37,"A,M,7,7","A","M",7,7
14,"Circle",5,3.612196013,1.370081552,3,40,"A,M,8,8","A","M",8,8
14,"Circle",5,4.142629762,1.384747889,3,43,"A,M,9,9","A","M",9,9
14,"Circle",5,3.93974482,1.528965649,3,58,"A,M,10,10","A","M",10,10
14,"Circle",5,4.235515342,1.88829091,4,64,"A,M,11,11","A","M",11,11
14,"Circle",5,4.631506445,2.660106903,6,90,"A,M,12,12","A","M",12,12
14,"Circle",5,3.320092075,2.569665102,6,151,"A,M,13,13","A","M",13,13
14,"Circle",5,3.061597883,2.219506302,5,161,"A,M,14,14","A","M",14,14
14,"Circle",5,2.163895218,2.762160777,6,171,"A,M,15,15","A","M",15,15
14,"Circle",5,2.936323531,1.967734792,4,179,"A,M,16,16","A","M",16,16
14,"Circle",5,3.190538819,1.635296594,3,186,"A,M,17,17","A","M",17,17
14,"Circle",5,2.273892747,1.96528918,4,189,"A,M,18,18","A","M",18,18
14,"Circle",5,2.291004695,1.843070926,4,190,"A,M,19,19","A","M",19,19
14,"Circle",5,2.41811234,1.603520141,3,203,"A,M,20,20","A","M",20,20
14,"Circle",5,2.620384962,1.173306973,2,222,"A,M,21,21","A","M",21,21
14,"Circle",5,3.884746056,2.028843919,4,237,"A,M,22,22","A","M",22,22
14,"Circle",5,3.364091087,1.438523848,3,241,"A,M,23,23","A","M",23,23
14,"Circle",5,3.265093311,1.511855534,3,242,"A,M,24,24","A","M",24,24
14,"Circle",7,3.679829655,0.077429346,1,3,"A,M,1,1","A","M",1,1
14,"Circle",7,3.861788618,0.290360046,1,4,"A,M,2,2","A","M",2,2
14,"Circle",7,3.482384824,0.363917925,1,5,"A,M,3,3","A","M",3,3
14,"Circle",7,3.308168796,0.224545103,1,6,"A,M,4,4","A","M",4,4
14,"Circle",7,3.362369338,0.193573364,1,7,"A,M,5,5","A","M",5,5
14,"Circle",7,4.163763066,0.414247,1,8,"A,M,6,6","A","M",6,6
14,"Circle",7,4.322493225,0.317460317,1,9,"A,M,7,7","A","M",7,7
14,"Circle",7,4.790940767,0.518776616,1,10,"A,M,8,8","A","M",8,8
14,"Circle",7,4.647696477,0.449090205,1,11,"A,M,9,9","A","M",9,9
14,"Circle",7,4.798683701,0.600077429,1,12,"A,M,10,10","A","M",10,10
14,"Circle",7,4.608981804,0.642663569,1,13,"A,M,11,11","A","M",11,11
14,"Circle",7,4.399922571,0.735578784,1,14,"A,M,12,12","A","M",12,12
14,"Circle",7,4.221835075,0.921409214,2,15,"A,M,13,13","A","M",13,13
14,"Circle",7,4.337979094,0.940766551,2,16,"A,M,14,14","A","M",14,14
14,"Circle",7,4.427022842,1.138211382,2,17,"A,M,15,15","A","M",15,15
14,"Circle",7,4.566395664,1.16918312,2,18,"A,M,16,16","A","M",16,16
14,"Circle",7,4.802555168,1.149825784,2,19,"A,M,17,17","A","M",17,17
14,"Circle",7,4.934185056,1.234998064,2,20,"A,M,18,18","A","M",18,18
14,"Circle",7,5.007742935,1.196283391,2,21,"A,M,19,19","A","M",19,19
14,"Circle",7,5.104529617,1.265969803,2,22,"A,M,20,20","A","M",20,20
14,"Circle",7,5.131629888,1.049167635,2,23,"A,M,21,21","A","M",21,21
14,"Circle",7,5.034843206,0.820751065,1,25,"A,M,22,22","A","M",22,22
14,"Circle",7,3.300425861,1.12659698,2,45,"A,M,23,23","A","M",23,23
14,"Circle",8,3.584592283,0.254574383,1,3,"A,M,1,1","A","M",1,1
14,"Circle",8,3.686024264,0.357995227,1,4,"A,M,2,2","A","M",2,2
14,"Circle",8,3.634313842,0.397772474,1,5,"A,M,3,3","A","M",3,3
14,"Circle",8,3.584592283,0.443516309,1,6,"A,M,4,4","A","M",4,4
14,"Circle",8,3.503048926,0.493237868,1,7,"A,M,5,5","A","M",5,5
14,"Circle",8,3.443383055,0.485282418,1,8,"A,M,6,6","A","M",6,6
14,"Circle",8,3.353884248,0.572792363,1,9,"A,M,7,7","A","M",7,7
14,"Circle",8,3.389683771,0.320206842,1,10,"A,M,8,8","A","M",8,8
14,"Circle",8,3.284274065,0.280429594,1,11,"A,M,9,9","A","M",9,9
14,"Circle",8,3.375761734,0.186953063,1,12,"A,M,10,10","A","M",10,10
14,"Circle",8,3.787456245,0.342084328,1,13,"A,M,11,11","A","M",11,11
14,"Circle",8,3.849110979,0.451471758,1,15,"A,M,12,12","A","M",12,12
14,"Circle",8,3.795411695,0.546937152,1,16,"A,M,13,13","A","M",13,13
14,"Circle",8,3.831211217,0.204852824,1,17,"A,M,14,14","A","M",14,14
14,"Circle",8,4.042030628,0.330151154,1,18,"A,M,15,15","A","M",15,15
14,"Circle",8,4.061919252,0.463404932,1,19,"A,?,16,16","A","?",16,16
14,"Circle",10,3.337856884,0.804942201,1,17,"A,M,1,1","A","M",1,1
14,"Circle",10,3.696211661,0.815800758,1,19,"A,M,2,2","A","M",2,2
14,"Circle",10,3.059590327,0.677345503,1,21,"A,M,3,3","A","M",3,3
14,"Circle",10,3.990769107,0.768292281,1,22,"A,M,4,4","A","M",4,4
14,"Circle",10,4.332157007,0.992264016,2,33,"A,M,5,5","A","M",5,5
14,"Circle",10,4.152979618,1.027555853,2,35,"A,M,6,6","A","M",6,6
14,"Circle",10,4.576489809,0.875525875,2,40,"A,M,7,7","A","M",7,7
14,"Circle",10,3.232659396,1.073708284,2,63,"A,M,8,8","A","M",8,8
14,"Circle",10,2.92859944,1.212163538,2,64,"A,M,9,9","A","M",9,9
14,"Circle",10,3.381973207,1.928873092,4,70,"A,M,10,10","A","M",10,10
14,"Circle",10,2.585855493,0.781186944,1,171,"A,M,11,11","A","M",11,11
14,"Circle",10,2.488122372,1.133433401,2,176,"A,M,12,12","A","M",12,12
14,"Circle",10,2.600108239,1.037736387,2,177,"A,M,13,13","A","M",13,13
14,"Circle",11,4.665866347,0.676270508,1,10,"A,M,1,1","A","M",1,1
14,"Circle",11,2.945178071,0.670268107,1,20,"A,M,2,2","A","M",2,2
14,"Circle",11,2.93717487,0.858343337,2,21,"A,M,3,3","A","M",3,3
14,"Circle",11,4.257703081,0.978391357,2,24,"A,M,4,4","A","M",4,4
14,"Circle",11,2.633053221,1.370548219,3,30,"A,M,5,5","A","M",5,5
14,"Circle",11,2.529011605,1.086434574,2,35,"A,M,6,6","A","M",6,6
14,"Circle",11,3.223289316,1.928771509,4,70,"A,M,7,7","A","M",7,7
14,"Circle",11,3.453381353,1.629985994,3,157,"A,M,8,8","A","M",8,8
14,"Circle",11,3.517406963,1.544617847,3,160,"A,M,9,9","A","M",9,9
14,"Circle",11,4.385088035,1.101106443,2,229,"A,M,10,10","A","M",10,10
14,"Circle",12,3.4727749,0.855910359,2,26,"A,M,1,1","A","M",1,1
14,"Circle",12,3.666667331,1.395085657,3,57,"A,M,2,2","A","M",2,2
14,"Circle",12,3.393093625,1.267595618,2,58,"A,M,3,3","A","M",3,3
14,"Circle",12,3.162017928,1.217131474,2,62,"A,M,4,4","A","M",4,4
14,"Circle",12,2.875165339,1.023241036,2,63,"A,M,5,5","A","M",5,5
14,"Circle",12,2.77689243,1.299468127,3,67,"A,M,6,6","A","M",6,6
14,"Circle",12,2.992031873,1.530543825,3,68,"A,M,7,7","A","M",7,7
14,"Circle",12,3.541832669,1.13213745,2,70,"A,M,8,8","A","M",8,8
14,"Circle",12,3.334661355,3.596946215,8,167,"A,M,9,9","A","M",9,9
14,"Circle",13,3.27104642,0.868082219,2,24,"A,M,1,1","A","M",1,1
14,"Circle",13,3.876868607,0.870706137,2,30,"A,M,2,2","A","M",2,2
14,"Circle",13,3.119590873,1.483084186,3,244,"A,M,3,3","A","M",3,3
14,"Circle",13,2.403619197,0.931681747,2,284,"A,M,4,4","A","M",4,4
14,"Circle",13,2.627852085,0.95266129,2,288,"A,M,5,5","A","M",5,5
14,"Circle",14,3.559871173,0.649116878,1,22,"A,M,1,1","A","M",1,1
14,"Circle",14,2.693553025,0.957804332,2,28,"A,M,2,2","A","M",2,2
14,"Circle",14,3.851133308,1.042443988,2,35,"A,M,3,3","A","M",3,3
14,"Circle",14,4.129947722,1.194299851,2,36,"A,M,4,4","A","M",4,4
14,"Circle",14,3.671895071,1.418347647,3,66,"A,M,5,5","A","M",5,5
14,"Circle",14,4.261887603,0.905526512,2,202,"A,M,6,6","A","M",6,6
14,"Circle",14,4.321633682,0.584391337,1,203,"A,M,7,7","A","M",7,7
14,"Circle",14,4.702514937,0.800970874,1,212,"A,M,8,8","A","M",8,8
14,"Circle",15,3.533198224,1.568752827,3,25,"A,M,1,1","A","M",1,1
14,"Circle",15,3.517905758,1.109978831,2,33,"A,M,2,2","A","M",2,2
14,"Circle",15,3.296164993,0.850006901,2,141,"A,M,3,3","A","M",3,3
14,"Circle",15,3.612208664,0.799031375,1,144,"A,M,4,4","A","M",4,4
14,"Circle",15,2.648783274,1.304957779,3,183,"A,M,5,5","A","M",5,5
14,"Circle",15,2.908755205,1.731235283,4,196,"A,M,6,6","A","M",6,6
14,"Tube",12,3.645504732,1.21648265,1,23,"A,M,1,1","A","M",1,1
14,"Tube",12,3.288643533,2.091876972,2,41,"A,M,2,2","A","M",2,2
14,"Tube",12,4.838984621,4.227129338,5,108,"A,M,3,3","A","M",3,3
14,"Tube",12,6.687040615,4.465037461,6,124,"A,M,4,4","A","M",4,4
14,"Tube",12,6.978180205,3.650763013,7,132,"A,M,5,5","A","M",5,5
14,"Tube",12,5.950315457,2.165812303,8,157,"A,M,6,6","A","M",6,6
14,"Tube",14,3.641544118,0.731617647,1,13,"A,M,1,1","A","M",1,1
14,"Tube",14,3.726102941,1.040441176,1,15,"A,M,2,2","A","M",2,2
14,"Tube",14,2.875,1.987132353,2,35,"A,M,2,2","A","M",2,2
14,"Tube",14,2.544117647,2.152573529,2,38,"A,M,3,3","A","M",3,3
14,"Tube",14,2.248161765,4.507352941,4,72,"A,M,4,4","A","M",4,4
14,"Tube",14,4.972426471,4.496323529,6,97,"A,M,5,5","A","M",5,5
14,"Tube",14,5.491420956,4.351102941,6,101,"A,M,6,6","A","M",6,6
14,"Tube",14,5.439950368,4.096200368,6,102,"A,M,7,7","A","M",7,7
14,"Tube",14,6.472426471,4.128676471,6,116,"A,?,?,8","A","?",NA,8
14,"Tube",14,7.125,4.009191176,6,123,"A,M,8,8","A","M",8,8
14,"Tube",14,6.977941176,3.40625,7,130,"A,M,9,9","A","M",9,9
14,"Tube",14,7.023897059,2.564338235,7,136,"A,M,10,10","A","M",10,10
14,"Tube",14,6.417279412,2.154411765,8,147,"A,M,11,11","A","M",11,11
14,"Tube",14,6.636029412,1.875,7,149,"A,M,12,12","A","M",12,12
14,"Tube",14,5.733455882,2.251838235,8,158,"A,M,13,13","A","M",13,13
14,"Tube",14,4.665441176,2.145220588,8,167,"A,M,14,14","A","M",14,14
15,"Tube",4,3.667957227,0.646202065,1,5,"A,M,1,1","A","M",1,1
15,"Tube",4,3.791482301,1.516408555,1,11,"A,F,1,2","A","F",1,2
15,"Tube",4,3.807153392,1.473082596,1,12,"A,?,?,3","A","?",NA,3
15,"Tube",4,3.573930678,1.667588496,1,13,"A,M,2,4","A","M",2,4
15,"Tube",4,3.891961652,2.087020649,1,14,"A,F,2,5","A","F",2,5
15,"Tube",4,3.427359882,2.01880531,1,17,"A,F,3,6","A","F",3,6
15,"Tube",4,2.943707596,2.082103614,2,18,"A,M,3,7","A","M",3,7
15,"Tube",4,1.873156342,2.260324484,2,23,"A,F,4,8","A","F",4,8
15,"Tube",4,2.018191372,1.87622972,2,24,"A,F,5,9","A","F",5,9
15,"Tube",4,2.079646018,2.05322087,2,25,"A,F,6,10","A","F",6,10
15,"Tube",4,1.012168142,3.451327434,3,43,"A,M,4,11","A","M",4,11
15,"Tube",4,1.09789823,3.878134218,4,44,"A,F,7,12","A","F",7,12
15,"Tube",4,1.504424779,4.306784661,4,48,"A,F,8,13","A","F",8,13
15,"Tube",4,1.841200221,4.277286136,4,51,"A,F,9,14","A","F",9,14
15,"Tube",4,2.31379056,4.370082965,4,53,"A,M,5,15","A","M",5,15
15,"Tube",4,2.426867625,4.309858038,4,54,"A,F,10,16","A","F",10,16
15,"Tube",4,2.485864676,4.126720133,4,55,"A,M,6,17","A","M",6,17
15,"Tube",4,3.207964602,4.301253687,5,57,"A,F,11,18","A","F",11,18
15,"Tube",4,3.473451327,4.148230088,5,58,"A,F,12,19","A","F",12,19
15,"Tube",4,3.537979351,4.19800885,5,59,"A,M,7,20","A","M",7,20
15,"Tube",4,3.748156342,4.202925885,5,60,"A,M,8,21","A","M",8,21
15,"Tube",4,4.483161873,4.024705015,5,62,"A,F,13,22","A","F",13,22
15,"Tube",4,4.347959071,4.175884956,5,63,"A,M,9,23","A","M",9,23
15,"Tube",4,4.415560472,4.242256637,5,64,"A,M,10,24","A","M",10,24
15,"Tube",4,4.508973083,4.279129794,5,65,"A,M,11,25","A","M",11,25
15,"Tube",4,4.617133112,4.17096792,5,66,"A,M,12,26","A","M",12,26
15,"Tube",4,5.063606195,4.16390118,6,68,"A,F,14,27","A","F",14,27
15,"Tube",4,5.391777286,4.399889381,6,72,"A,F,15,28","A","F",15,28
15,"Tube",4,6.457411504,4.124262537,6,76,"A,M,13,29","A","M",13,29
15,"Tube",4,6.693091814,4.123648599,6,79,"A,F,16,30","A","F",16,30
15,"Tube",4,6.893436578,3.383726032,7,84,"A,M,14,31","A","M",14,31
15,"Tube",4,6.856563422,2.931415929,7,87,"A,F,17,32","A","F",17,32
15,"Tube",4,6.695551254,2.721238938,7,88,"A,F,18,33","A","F",18,33
15,"Tube",4,6.95980826,2.069813791,7,91,"A,M,15,34","A","M",15,34
15,"Tube",4,6.618117625,2.048917773,7,92,"A,F,19,35","A","F",19,35
15,"Tube",4,6.286259218,2.013274336,7,93,"A,M,16,36","A","M",16,36
15,"Tube",4,6.457103614,1.865781711,7,94,"A,M,17,37","A","M",17,37
15,"Tube",4,5.355825959,1.898045723,8,98,"A,F,20,38","A","F",20,38
15,"Tube",4,5.293141593,1.983775811,8,99,"A,F,20,39","A","F",20,39
15,"Tube",4,4.900442478,1.882374631,8,100,"A,F,21,40","A","F",21,40
15,"Tube",4,4.888458702,2.137721239,8,101,"A,M,18,41","A","M",18,41
15,"Tube",4,4.519727139,2.168141593,8,102,"A,M,19,42","A","M",19,42
15,"Tube",4,4.604535398,2.299963127,8,103,"A,F,22,43","A","F",22,43
15,"Tube",4,4.659384218,2.159384218,8,104,"A,M,20,44","A","M",20,44
15,"Tube",4,4.943460546,2.150318953,8,105,"A,?,?,45","A","?",NA,45
15,"Tube",4,6.730272861,4.078171091,6,107,"A,M,21,46","A","M",21,46
15,"Tube",7,3.585993541,0.856130319,1,18,"A,M,1,1","A","M",1,1
15,"Tube",7,3.45681421,1.106890198,1,20,"A,M,2,2","A","M",2,2
15,"Tube",7,3.787361322,1.3462519,1,22,"A,F,1,3","A","F",1,3
15,"Tube",7,3.565729483,1.381711626,1,23,"A,M,3,4","A","M",3,4
15,"Tube",7,3.667045973,1.703394757,1,28,"A,M,4,5","A","M",4,5
15,"Tube",7,3.460613602,1.847771657,1,32,"A,M,5,6","A","M",5,6
15,"Tube",7,3.493541033,2.193516337,1,33,"A,F,2,7","A","F",2,7
15,"Tube",7,3.364361702,2.164386398,1,37,"A,M,6,8","A","M",6,8
15,"Tube",7,3.318768997,2.083333967,1,39,"A,M,7,9","A","M",7,9
15,"Tube",7,3.121200608,1.959219225,2,41,"A,M,8,10","A","M",8,10
15,"Tube",7,3.050279255,1.904762538,2,42,"A,M,9,11","A","M",9,11
15,"Tube",7,2.494933511,2.035841565,2,48,"A,M,10,12","A","M",10,12
15,"Tube",7,2.326495061,2.11056231,2,55,"A,M,11,13","A","M",11,13
15,"Tube",7,2.008611322,1.99024886,2,57,"A,M,12,14","A","M",12,14
15,"Tube",7,1.776215805,2.083966565,2,59,"A,M,13,15","A","M",13,15
15,"Tube",7,1.764817629,1.952887538,2,60,"A,F,3,16","A","F",3,16
15,"Tube",7,1.595744681,1.905395137,2,62,"A,F,4,17","A","F",4,17
15,"Tube",7,1.481130319,2.199848024,2,63,"A,F,5,18","A","F",5,18
15,"Tube",7,1.103723404,2.10106383,3,65,"A,M,14,19","A","M",14,19
15,"Tube",7,1.074595365,1.855370441,3,66,"A,F,6,20","A","F",6,20
15,"Tube",7,0.835233663,1.879431991,3,67,"A,M,15,21","A","M",15,21
15,"Tube",7,1.006206307,2.246707827,3,70,"A,F,7,22","A","F",7,22
15,"Tube",7,1.106255699,2.482270137,3,72,"A,M,16,23","A","M",16,23
15,"Tube",7,1.184777736,2.139057751,3,73,"A,M,17,24","A","M",17,24
15,"Tube",7,0.90868731,3.06231003,3,77,"A,M,18,25","A","M",18,25
15,"Tube",7,0.870693389,3.252279635,3,78,"A,F,8,26","A","F",8,26
15,"Tube",7,1.065729483,3.900708587,4,82,"A,F,9,27","A","F",9,27
15,"Tube",7,0.754179331,4.104610562,4,86,"A,M,19,28","A","M",19,28
15,"Tube",7,0.795972644,4.209726444,4,87,"A,M,20,29","A","M",20,29
15,"Tube",7,1.510258359,4.085613602,4,91,"A,M,21,30","A","M",21,30
15,"Tube",7,1.607775456,4.053951368,4,92,"A,M,22,31","A","M",22,31
15,"Tube",7,1.869933511,4.273049012,4,94,"A,M,23,32","A","M",23,32
15,"Tube",7,2.633928571,4.151785714,4,100,"A,F,10,33","A","F",10,33
15,"Tube",7,3.204787234,4.135638298,5,105,"A,M,24,34","A","M",24,34
15,"Tube",7,3.223784195,4.071048632,5,106,"A,M,25,35","A","M",25,35
15,"Tube",7,3.53343465,4.207826748,5,109,"A,F,11,36","A","F",11,36
15,"Tube",7,3.670212766,4.395896657,5,110,"A,F,12,37","A","F",12,37
15,"Tube",7,3.802558891,4.161601444,5,112,"A,M,26,38","A","M",26,38
15,"Tube",7,3.772163754,4.061550152,5,113,"A,M,27,39","A","M",27,39
15,"Tube",7,3.665780775,3.991893997,5,114,"A,M,28,40","A","M",28,40
15,"Tube",7,3.986194909,4.098276976,5,116,"A,M,29,41","A","M",29,41
15,"Tube",7,4.25468655,3.998227584,5,119,"A,M,30,42","A","M",30,42
15,"Tube",7,4.830927052,4.128039514,6,124,"A,M,31,43","A","M",31,43
15,"Tube",7,4.98100304,4.179331307,6,125,"A,F,13,44","A","F",13,44
15,"Tube",7,5.879559271,4.166033435,6,132,"A,M,32,45","A","M",32,45
15,"Tube",7,6.356382979,3.977963526,6,137,"A,M,33,46","A","M",33,46
15,"Tube",7,6.641337386,4.147036474,6,138,"A,M,34,47","A","M",34,47
15,"Tube",7,6.419072948,4.245820669,6,139,"A,M,35,48","A","M",35,48
15,"Tube",7,6.791413374,4.378799392,6,141,"A,F,14,49","A","F",14,49
15,"Tube",7,6.736322188,3.436550152,7,147,"A,M,36,50","A","M",36,50
15,"Tube",7,6.941489362,3.447948328,7,148,"A,F,15,51","A","F",15,51
15,"Tube",7,6.926291793,3.11550152,7,153,"A,F,16,52","A","F",16,52
15,"Tube",7,6.797112462,2.824848024,7,154,"A,F,17,53","A","F",17,53
15,"Tube",7,6.686930091,2.828647416,7,155,"A,F,18,54","A","F",18,54
15,"Tube",7,6.964285714,2.344224924,7,159,"A,F,19,55","A","F",19,55
15,"Tube",7,6.871200608,1.996580547,7,162,"A,F,20,56","A","F",20,56
15,"Tube",7,6.675531915,2.070668693,7,163,"A,M,37,57","A","M",37,57
15,"Tube",7,6.572948328,2.17325228,7,164,"A,F,21,58","A","F",21,58
15,"Tube",7,6.580547112,2.374620061,7,165,"A,F,22,59","A","F",22,59
15,"Tube",7,6.017604483,1.896529255,8,174,"A,F,23,60","A","F",23,60
15,"Tube",7,6.084093845,2.269504179,8,175,"A,F,24,61","A","F",24,61
15,"Tube",7,6.054963906,2.10106383,8,176,"A,F,25,62","A","F",25,62
15,"Tube",7,5.583839286,2.022543693,8,180,"A,M,38,63","A","M",38,63
15,"Tube",7,5.460993541,1.914893617,8,181,"A,F,26,64","A","F",26,64
15,"Tube",7,6.396909195,2.084599164,7,182,"A,F,27,65","A","F",27,65
15,"Tube",8,3.707415487,0.473009041,1,11,"A,M,1,1","A","M",1,1
15,"Tube",8,3.721829796,1.255241745,1,23,"A,M,2,2","A","M",2,2
15,"Tube",8,3.577698506,1.323374607,1,26,"A,M,3,3","A","M",3,3
15,"Tube",8,3.534459513,1.392820362,1,27,"A,M,4,4","A","M",4,4
15,"Tube",8,3.63666077,1.677148192,1,31,"A,M,5,5","A","M",5,5
15,"Tube",8,3.141377752,1.801625393,2,32,"A,F,1,6","A","F",1,6
15,"Tube",8,2.749606918,1.836346305,2,38,"A,M,6,7","A","M",6,7
15,"Tube",8,2.91339033,2.051232311,2,39,"A,M,7,8","A","M",7,8
15,"Tube",8,2.819050708,2.083987814,2,40,"A,M,8,9","A","M",8,9
15,"Tube",8,2.449553852,2.158673349,2,44,"A,M,9,10","A","M",9,10
15,"Tube",8,2.329009434,2.106263758,2,45,"A,F,2,11","A","F",2,11
15,"Tube",8,2.213704796,2.02240566,2,46,"A,F,3,12","A","F",3,12
15,"Tube",8,1.649632469,1.885481525,2,51,"A,M,10,13","A","M",10,13
15,"Tube",8,1.839622642,1.829141116,2,52,"A,M,11,14","A","M",11,14
15,"Tube",8,1.935273192,1.905135613,2,53,"A,F,4,15","A","F",4,15
15,"Tube",8,1.867138365,2.006027909,2,54,"A,M,12,16","A","M",12,16
15,"Tube",8,1.666666667,2.000786164,2,55,"A,F,5,17","A","F",5,17
15,"Tube",8,1.561845519,2.171122248,2,58,"A,F,6,18","A","F",6,18
15,"Tube",8,0.915226022,2.078748035,3,65,"A,F,7,19","A","F",7,19
15,"Tube",8,0.904742531,2.374868318,3,66,"A,F,8,20","A","F",8,20
15,"Tube",8,0.784198113,2.284459513,3,67,"A,M,13,21","A","M",13,21
15,"Tube",8,1.09997445,2.558307783,3,69,"A,F,9,22","A","F",9,22
15,"Tube",8,0.83660967,2.481000393,3,72,"A,M,14,23","A","M",14,23
15,"Tube",8,0.903433569,2.820361635,3,75,"A,M,15,24","A","M",15,24
15,"Tube",8,0.844471305,3.092898978,3,81,"A,M,16,25","A","M",16,25
15,"Tube",8,0.941430818,3.534459513,3,87,"A,F,10,26","A","F",10,26
15,"Tube",8,0.826126179,4.154219733,4,90,"A,M,17,27","A","M",17,27
15,"Tube",8,0.709512579,4.209251179,4,91,"A,M,18,28","A","M",18,28
15,"Tube",8,1.173349057,4.22759434,4,92,"A,M,19,29","A","M",19,29
15,"Tube",8,1.217898978,3.999606918,4,93,"A,M,20,30","A","M",20,30
15,"Tube",8,1.304376965,4.297038129,4,95,"A,F,11,31","A","F",11,31
15,"Tube",8,1.524502752,4.126704009,4,96,"A,M,21,32","A","M",21,32
15,"Tube",8,1.595257469,4.289176494,4,98,"A,M,22,33","A","M",22,33
15,"Tube",8,1.679113601,4.10901533,4,100,"A,F,12,34","A","F",12,34
15,"Tube",8,2.79677673,4.162081368,5,105,"A,F,13,35","A","F",13,35
15,"Tube",8,2.807258255,4.025811714,5,106,"A,F,14,36","A","F",14,36
15,"Tube",8,2.934355346,4.193527909,5,107,"A,M,23,37","A","M",23,37
15,"Tube",8,3.320886399,4.175182783,5,108,"A,F,15,38","A","F",15,38
15,"Tube",8,3.239648192,4.052018475,5,109,"A,M,24,39","A","M",24,39
15,"Tube",8,3.641902516,4.082154088,5,112,"A,F,16,40","A","F",16,40
15,"Tube",8,3.740172956,4.150288915,5,116,"A,M,25,41","A","M",25,41
15,"Tube",8,4.143736242,4.223663522,5,121,"A,F,17,42","A","F",17,42
15,"Tube",8,4.050707547,4.097877358,5,122,"A,M,26,43","A","M",26,43
15,"Tube",8,4.304245283,4.081499607,5,124,"A,F,18,44","A","F",18,44
15,"Tube",8,4.750393082,4.229559748,5,131,"A,F,19,45","A","F",19,45
15,"Tube",8,5.713443396,4.051690252,6,146,"A,F,20,46","A","F",20,46
15,"Tube",8,6.073113208,4.108358884,6,148,"A,M,27,47","A","M",27,47
15,"Tube",8,6.535638758,4.384827044,6,151,"A,F,21,48","A","F",21,48
15,"Tube",8,6.813417846,4.270833333,6,152,"A,M,28,49","A","M",28,49
15,"Tube",8,6.750524764,4.124082154,6,155,"A,M,29,50","A","M",29,50
15,"Tube",8,6.783280267,4.14766706,6,156,"A,M,30,51","A","M",30,51
15,"Tube",8,6.79245283,2.870807783,7,168,"A,M,31,52","A","M",31,52
15,"Tube",8,6.916928066,2.784329796,7,169,"A,M,32,53","A","M",32,53
15,"Tube",8,6.802934355,2.393867925,7,175,"A,M,33,54","A","M",33,54
15,"Tube",8,6.932651336,2.273323506,7,176,"A,M,34,55","A","M",34,55
15,"Tube",8,6.868449292,2.104298349,7,179,"A,F,22,56","A","F",22,56
15,"Tube",8,6.501572327,2.146226415,7,182,"A,F,23,57","A","F",23,57
15,"Tube",8,6.830450079,1.979821148,7,183,"A,F,24,58","A","F",24,58
15,"Tube",8,6.310927673,2.124606918,7,188,"A,M,35,59","A","M",35,59
15,"Tube",8,6.116352201,1.916273585,8,190,"A,M,36,60","A","M",36,60
15,"Tube",8,6.21658805,2.053852201,8,191,"A,F,25,61","A","F",25,61
15,"Tube",8,6.088836478,1.802279874,8,192,"A,F,26,62","A","F",26,62
15,"Tube",8,5.860849057,2.044025157,8,193,"A,M,37,63","A","M",37,63
15,"Tube",8,5.322327044,2.085298742,8,200,"A,M,38,64","A","M",38,64
15,"Tube",8,4.677672956,2.199292453,8,204,"A,M,39,65","A","M",39,65
15,"Tube",8,4.976415094,2.142295597,8,205,"A,M,40,66","A","M",40,66
15,"Tube",8,4.722222877,1.981132075,8,208,"A,M,41,67","A","M",41,67
15,"Tube",8,4.874213836,2.026990959,8,209,"A,M,42,68","A","M",42,68
15,"Tube",9,3.81141046,1.281036054,1,18,"A,M,1,1","A","M",1,1
15,"Tube",9,3.671420365,1.254621632,1,19,"A,M,2,2","A","M",2,2
15,"Tube",9,3.815372425,1.665346672,1,25,"A,M,3,3","A","M",3,3
15,"Tube",9,3.543318146,1.712890254,1,26,"A,M,4,4","A","M",4,4
15,"Tube",9,3.810089144,1.922874406,1,30,"A,M,5,5","A","M",5,5
15,"Tube",9,3.549920761,2.163232964,1,36,"A,M,6,6","A","M",6,6
15,"Tube",9,3.151083597,1.868726228,2,40,"A,F,1,7","A","F",1,7
15,"Tube",9,2.461701664,1.830427892,2,47,"A,F,2,8","A","F",2,8
15,"Tube",9,2.667723851,1.947965531,2,48,"A,F,3,9","A","F",3,9
15,"Tube",9,2.415477417,1.896459984,2,49,"A,F,4,10","A","F",4,10
15,"Tube",9,2.752244453,2.142101823,2,50,"A,M,7,11","A","M",7,11
15,"Tube",9,2.571315372,2.171156894,2,53,"A,F,5,12","A","F",5,12
15,"Tube",9,2.142101823,2.123613312,2,59,"A,F,6,13","A","F",6,13
15,"Tube",9,2.511885895,2.033809429,2,60,"A,M,8,14","A","M",8,14
15,"Tube",9,1.662044374,2.082672345,2,64,"A,F,7,15","A","F",7,15
15,"Tube",9,1.971077655,2.002113708,2,65,"A,M,9,16","A","M",9,16
15,"Tube",9,1.951267829,1.937400951,2,66,"A,M,10,17","A","M",10,17
15,"Tube",9,1.218304279,2.106444136,3,74,"A,M,11,18","A","M",11,18
15,"Tube",9,0.996434231,2.237188986,3,76,"A,F,8,19","A","F",8,19
15,"Tube",9,1.137743661,2.390386292,3,77,"A,M,12,20","A","M",12,20
15,"Tube",9,0.82078645,2.916006339,3,83,"A,F,9,21","A","F",9,21
15,"Tube",9,0.82078645,3.342577258,3,91,"A,M,13,22","A","M",13,22
15,"Tube",9,0.876253962,3.489169968,3,93,"A,M,14,23","A","M",14,23
15,"Tube",9,0.902668384,3.623876783,3,96,"A,M,15,24","A","M",15,24
15,"Tube",9,1.078314184,3.844427496,4,97,"A,F,10,25","A","F",10,25
15,"Tube",9,1.053223059,4.202323693,4,101,"A,M,16,26","A","M",16,26
15,"Tube",9,1.135103011,4.384574089,4,104,"A,M,17,27","A","M",17,27
15,"Tube",9,1.449419572,4.447965531,4,105,"A,M,18,28","A","M",18,28
15,"Tube",9,1.663365689,4.214209588,4,106,"A,M,19,29","A","M",19,29
15,"Tube",9,2.206154913,4.290808241,4,110,"A,F,11,30","A","F",11,30
15,"Tube",9,3.204570127,4.308637084,5,117,"A,F,12,31","A","F",12,31
15,"Tube",9,3.398706418,4.196380745,5,118,"A,F,13,32","A","F",13,32
15,"Tube",9,3.705427892,4.372028526,5,121,"A,F,14,33","A","F",14,33
15,"Tube",9,3.847068146,4.129358162,5,122,"A,F,15,34","A","F",15,34
15,"Tube",9,4.047147385,4.238312203,5,123,"A,F,16,35","A","F",16,35
15,"Tube",9,4.176901743,4.140253566,5,124,"A,M,20,36","A","M",20,36
15,"Tube",9,4.226426307,4.345285261,5,125,"A,M,21,37","A","M",21,37
15,"Tube",9,4.354199683,4.124405705,5,131,"A,F,17,38","A","F",17,38
15,"Tube",9,4.595879556,4.094690967,5,132,"A,M,22,39","A","M",22,39
15,"Tube",9,5.104992076,4.300713154,6,135,"A,F,18,40","A","F",18,40
15,"Tube",9,5.934364105,4.239302694,6,141,"A,M,23,41","A","M",23,41
15,"Tube",9,6.299524564,4.220814184,6,142,"A,M,24,42","A","M",24,42
15,"Tube",9,6.994849445,4.358161648,6,143,"A,F,19,43","A","F",19,43
15,"Tube",9,6.857501981,3.980453645,6,146,"A,M,25,44","A","M",25,44
15,"Tube",9,6.909007528,3.697834786,7,148,"A,M,26,45","A","M",26,45
15,"Tube",9,6.766376783,3.627838748,7,149,"A,M,27,46","A","M",27,46
15,"Tube",9,6.9856042,3.577654517,7,151,"A,M,28,47","A","M",28,47
15,"Tube",9,6.819201664,3.061277734,7,154,"A,M,29,48","A","M",29,48
15,"Tube",9,6.757131537,2.768092314,7,159,"A,M,30,49","A","M",30,49
15,"Tube",9,6.840332805,2.717908082,7,160,"A,M,31,50","A","M",31,50
15,"Tube",9,7.029185816,2.609613708,7,163,"A,M,32,51","A","M",32,51
15,"Tube",9,6.861463946,2.256998811,7,165,"A,F,20,52","A","F",20,52
15,"Tube",9,6.437533677,2.171156894,7,173,"A,M,33,53","A","M",33,53
15,"Tube",9,6.333201268,1.967775357,7,176,"A,M,34,54","A","M",34,54
15,"Tube",9,6.182646593,1.961172742,8,177,"A,M,35,55","A","M",35,55
15,"Tube",9,5.677496038,1.95225832,8,181,"A,F,21,56","A","F",21,56
15,"Tube",9,5.708201268,2.039421553,8,182,"A,M,36,57","A","M",36,57
15,"Tube",9,5.805269414,2.159270998,8,183,"A,F,22,58","A","F",22,58
15,"Tube",9,6.010301109,2.308835182,8,184,"A,F,23,59","A","F",23,59
15,"Tube",9,5.830031696,2.277139461,8,185,"A,F,24,60","A","F",24,60
15,"Tube",9,5.344690967,2.128565769,8,189,"A,M,36,61","A","M",36,61
15,"Tube",10,3.593666534,1.043322734,1,23,"A,M,1,1","A","M",1,1
15,"Tube",10,3.781796502,1.17845787,1,26,"A,M,2,2","A","M",2,2
15,"Tube",10,3.858638712,1.17845787,1,29,"A,M,3,3","A","M",3,3
15,"Tube",10,3.698330684,1.273847377,1,32,"A,M,4,4","A","M",4,4
15,"Tube",10,3.640037758,1.534843005,1,35,"A,M,5,5","A","M",5,5
15,"Tube",10,3.056438792,2.013116057,2,49,"A,M,6,6","A","M",6,6
15,"Tube",10,2.700715421,2.2436407,2,52,"A,F,1,7","A","F",1,7
15,"Tube",10,2.567567568,1.848171701,2,53,"A,F,2,8","A","F",2,8
15,"Tube",10,2.26483903,1.824986089,2,56,"A,M,7,9","A","M",7,9
15,"Tube",10,2.124403816,2.267488076,2,58,"A,M,8,10","A","M",8,10
15,"Tube",10,2.095256359,2.161500397,2,59,"A,F,3,11","A","F",3,11
15,"Tube",10,1.993243243,1.998543323,2,60,"A,F,4,12","A","F",4,12
15,"Tube",10,1.942899444,1.86738275,2,61,"A,M,9,13","A","M",9,13
15,"Tube",10,1.802464229,1.862082671,2,62,"A,M,10,14","A","M",10,14
15,"Tube",10,1.689189189,2.217806041,2,63,"A,F,5,15","A","F",5,15
15,"Tube",10,1.63354531,2.112480127,2,64,"A,F,6,16","A","F",6,16
15,"Tube",10,0.995627981,2.395999603,3,73,"A,M,11,17","A","M",11,17
15,"Tube",10,1.189056041,2.308559221,3,74,"A,M,12,18","A","M",12,18
15,"Tube",10,0.751854134,2.849099762,3,75,"A,F,7,19","A","F",7,19
15,"Tube",10,0.921436804,2.801405008,3,77,"A,M,13,20","A","M",13,20
15,"Tube",10,1.011526232,2.896794515,3,80,"A,F,8,21","A","F",8,21
15,"Tube",10,0.746556041,3.07697337,3,81,"A,M,14,22","A","M",14,22
15,"Tube",10,0.998277027,3.439984102,3,87,"A,F,9,23","A","F",9,23
15,"Tube",10,0.839294515,3.559220986,3,89,"A,M,15,24","A","M",15,24
15,"Tube",10,1.045971781,3.606915739,3,90,"A,M,16,25","A","M",16,25
15,"Tube",10,1.157259539,3.783122019,4,92,"A,F,10,26","A","F",10,26
15,"Tube",10,0.815447138,4.013646661,4,97,"A,M,17,27","A","M",17,27
15,"Tube",10,0.921436804,4.14745628,4,98,"A,M,18,28","A","M",18,28
15,"Tube",10,1.084393879,4.309087838,4,100,"A,M,19,29","A","M",19,29
15,"Tube",10,1.328165739,4.311738871,4,101,"A,M,20,30","A","M",20,30
15,"Tube",10,1.897853736,4.240858506,4,106,"A,F,11,31","A","F",11,31
15,"Tube",10,2.551669316,4.313726153,4,113,"A,F,12,32","A","F",12,32
15,"Tube",10,3.312136328,4.207736486,5,117,"A,F,13,33","A","F",13,33
15,"Tube",10,3.630763116,4.217011129,5,119,"A,M,21,34","A","M",21,34
15,"Tube",10,3.662559618,4.372019078,5,120,"A,F,14,35","A","F",14,35
15,"Tube",10,3.932168124,4.181240064,5,129,"A,M,22,36","A","M",22,36
15,"Tube",10,5.526629571,4.153418124,6,143,"A,M,23,37","A","M",23,37
15,"Tube",10,6.61963434,4.02027027,6,155,"A,M,24,38","A","M",24,38
15,"Tube",10,6.778616852,4.113672496,6,156,"A,F,15,39","A","F",15,39
15,"Tube",10,6.963434022,3.824191176,6,161,"A,M,25,40","A","M",25,40
15,"Tube",10,6.748807631,3.842740461,6,162,"A,M,26,41","A","M",26,41
15,"Tube",10,6.934286566,3.530073529,7,164,"A,M,27,42","A","M",27,42
15,"Tube",10,6.98198132,2.276762719,7,186,"A,M,28,43","A","M",28,43
15,"Tube",10,6.176470588,2.109831081,8,198,"A,M,29,44","A","M",29,44
15,"Tube",10,6.240063593,2.128378378,8,199,"A,M,30,45","A","M",30,45
15,"Tube",10,6.212241653,1.934950318,8,200,"A,F,16,46","A","F",16,46
15,"Tube",10,6.040009936,2.027688792,8,202,"A,F,17,47","A","F",17,47
15,"Tube",10,5.76709062,2.063459857,8,203,"A,M,31,48","A","M",31,48
15,"Tube",10,5.329888712,2.129040143,8,205,"A,M,32,49","A","M",32,49
15,"Tube",10,5.136460652,2.266826312,8,206,"A,M,33,50","A","M",33,50
15,"Tube",10,4.956279809,1.956810413,8,208,"A,M,34,51","A","M",34,51
15,"Tube",10,5.229199126,1.919713831,8,209,"A,M,35,52","A","M",35,52
15,"Tube",10,4.765500795,2.225755167,8,210,"A,M,36,53","A","M",36,53
15,"Tube",10,4.705882353,2.027027027,8,211,"A,M,37,54","A","M",37,54
15,"Tube",10,4.878775835,1.969395866,8,212,"A,M,38,55","A","M",38,55
15,"Tube",11,3.961239802,2.048685226,1,23,"A,F,1,1","A","F",1,1
15,"Tube",11,3.414029428,2.030579001,1,26,"A,M,1,2","A","M",1,2
15,"Tube",11,2.752146292,2.292113371,2,32,"A,F,2,3","A","F",2,3
15,"Tube",11,2.544930599,2.251877314,2,33,"A,M,2,4","A","M",2,4
15,"Tube",11,2.715933841,2.098980298,2,34,"A,M,3,5","A","M",3,5
15,"Tube",11,2.573095839,1.986319338,2,36,"A,M,4,6","A","M",4,6
15,"Tube",11,2.55297781,1.889752802,2,37,"A,M,5,7","A","M",5,7
15,"Tube",11,2.355821131,2.056732438,2,40,"A,M,6,8","A","M",6,8
15,"Tube",11,2.048015296,1.929988859,2,43,"A,M,7,9","A","M",7,9
15,"Tube",11,2.092274959,2.068803255,2,44,"A,M,8,10","A","M",8,10
15,"Tube",11,1.933342534,2.155310777,2,45,"A,M,9,11","A","M",9,11
15,"Tube",11,1.769716573,2.042649818,2,46,"A,F,3,12","A","F",3,12
15,"Tube",11,1.611454079,2.206275779,2,47,"A,M,10,13","A","M",10,13
15,"Tube",11,1.887740999,2.262606258,2,48,"A,M,11,14","A","M",11,14
15,"Tube",11,1.44246264,2.292113371,2,50,"A,M,12,15","A","M",12,15
15,"Tube",11,1.370037737,2.152629044,2,51,"A,M,13,16","A","M",13,16
15,"Tube",11,1.340530625,1.905847224,2,52,"A,M,14,17","A","M",14,17
15,"Tube",11,1.036078465,2.167381594,3,55,"A,M,15,18","A","M",15,18
15,"Tube",11,1.092408945,2.56706043,3,58,"A,M,16,19","A","M",16,19
15,"Tube",11,1.190317354,2.896996097,3,60,"A,M,17,20","A","M",17,20
15,"Tube",11,1.026689381,3.18937744,3,62,"A,M,18,21","A","M",18,21
15,"Tube",11,1.084361733,3.412017625,3,64,"A,M,19,22","A","M",19,22
15,"Tube",11,1.060220099,3.607832431,3,65,"A,M,20,23","A","M",20,23
15,"Tube",11,1.002547747,3.858637857,4,70,"A,M,21,24","A","M",21,24
15,"Tube",11,0.994500536,4.231491313,4,72,"A,M,22,25","A","M",22,25
15,"Tube",11,5.325912061,4.228137638,6,114,"A,F,4,26","A","F",4,26
15,"Tube",11,5.824169236,4.181196242,6,122,"A,F,5,27","A","F",5,27
15,"Tube",11,7.069475197,3.060622057,7,139,"A,M,23,28","A","M",23,28
15,"Tube",11,7.123793874,3.030445015,7,140,"A,M,24,29","A","M",24,29
15,"Tube",11,6.842141476,2.996244366,7,142,"A,F,6,30","A","F",6,30
15,"Tube",11,6.864271307,2.607966417,7,150,"A,M,25,31","A","M",25,31
15,"Tube",11,7.037286352,2.529506106,7,156,"A,M,26,32","A","M",26,32
15,"Tube",11,6.791846404,2.25590092,7,158,"A,F,7,33","A","F",7,33
15,"Tube",11,4.959094013,2.026555395,8,192,"A,M,27,34","A","M",27,34
15,"Tube",11,4.938975984,2.274007145,8,193,"A,M,28,35","A","M",28,35
15,"Tube",11,5.046271465,2.103673834,8,200,"A,F,8,36","A","F",8,36
15,"Tube",12,3.500778816,0.652906931,1,12,"A,M,1,1","A","M",1,1
15,"Tube",12,3.522844626,1.165628894,1,18,"A,M,2,2","A","M",2,2
15,"Tube",12,3.431984034,1.686137072,1,24,"A,M,3,3","A","M",3,3
15,"Tube",12,3.541018302,2.240395249,1,29,"A,M,4,4","A","M",4,4
15,"Tube",12,3.117860202,1.919781931,2,34,"A,M,5,5","A","M",5,5
15,"Tube",12,2.511033879,2.105399143,2,37,"A,M,6,6","A","M",6,6
15,"Tube",12,2.157320872,2.158619548,2,38,"A,M,7,7","A","M",7,7
15,"Tube",12,2.280632788,2.115784657,2,39,"A,M,8,8","A","M",8,8
15,"Tube",12,2.008047118,1.914589174,2,43,"A,M,9,9","A","M",9,9
15,"Tube",12,1.774402259,1.792575935,2,44,"A,M,10,10","A","M",10,10
15,"Tube",12,1.116952882,1.929517134,3,47,"A,M,11,11","A","M",11,11
15,"Tube",12,1.175364097,2.809579439,3,56,"A,F,1,12","A","F",1,12
15,"Tube",12,0.967679128,2.840732087,3,58,"A,M,12,13","A","M",12,13
15,"Tube",12,1.05334891,3.611760125,3,68,"A,M,13,14","A","M",13,14
15,"Tube",12,0.800233645,3.70911215,4,71,"A,M,14,15","A","M",14,15
15,"Tube",12,3.647780374,4.221183801,5,110,"A,F,2,16","A","F",2,16
15,"Tube",12,3.771417445,4.248442368,5,117,"A,M,15,17","A","M",15,17
15,"Tube",12,5.011682243,4.094626168,6,131,"A,F,3,18","A","F",3,18
15,"Tube",12,5.582165109,4.221832165,6,136,"A,F,4,19","A","F",4,19
15,"Tube",12,6.606308411,2.498701324,7,169,"A,M,16,20","A","M",16,20
15,"Tube",12,6.615395249,2.185878115,7,172,"A,M,17,21","A","M",17,21
15,"Tube",12,6.211707555,2.050882009,8,179,"A,M,18,22","A","M",18,22
15,"Tube",13,3.753900156,1.304602184,1,25,"A,M,1,1","A","M",1,1
15,"Tube",13,3.445787832,2.039781591,1,39,"A,M,2,2","A","M",2,2
15,"Tube",13,3.098673947,2.211388456,2,42,"A,M,3,3","A","M",3,3
15,"Tube",13,2.810062402,1.971528861,2,46,"A,M,4,4","A","M",4,4
15,"Tube",13,2.236090094,2.124284321,2,54,"A,M,5,5","A","M",5,5
15,"Tube",13,2.068383385,2.099584633,2,56,"A,M,6,6","A","M",6,6
15,"Tube",13,1.008190328,1.981279251,3,68,"A,F,1,7","A","F",1,7
15,"Tube",13,1.192798362,2.290692278,3,69,"A,M,7,8","A","M",7,8
15,"Tube",13,0.875585023,2.498699298,3,70,"A,M,8,9","A","M",8,9
15,"Tube",13,1.091394306,2.912115835,3,73,"A,F,2,10","A","F",2,10
15,"Tube",13,0.880785881,3.182527301,3,75,"A,M,9,11","A","M",9,11
15,"Tube",13,0.729978549,3.283931357,3,79,"A,M,10,12","A","M",10,12
15,"Tube",13,0.956187598,3.887154836,4,83,"A,M,11,13","A","M",11,13
15,"Tube",13,0.755980889,3.725949688,4,84,"A,M,12,14","A","M",12,14
15,"Tube",13,0.722178237,3.892355694,4,85,"A,F,3,15","A","F",3,15
15,"Tube",13,3.602443448,4.164717239,5,114,"A,M,13,16","A","M",13,16
15,"Tube",13,3.786402106,4.205017551,5,119,"A,M,14,17","A","M",14,17
15,"Tube",13,5.14950663,4.177716459,6,136,"A,M,15,18","A","M",15,18
15,"Tube",13,5.323712949,4.094514431,6,139,"A,F,4,19","A","F",4,19
15,"Tube",13,6.760920437,2.414196568,7,178,"A,M,16,20","A","M",16,20
15,"Tube",13,5.037051482,1.989079563,8,210,"A,F,5,21","A","F",5,21
15,"Tube",14,3.782265654,1.267752871,1,8,"A,M,1,1","A","M",1,1
15,"Tube",14,3.246882179,2.043966284,1,26,"A,M,2,2","A","M",2,2
15,"Tube",14,2.733112264,1.928492034,2,35,"A,M,3,3","A","M",3,3
15,"Tube",14,2.20205076,2.190316784,2,41,"A,M,4,4","A","M",4,4
15,"Tube",14,1.503643942,2.081017043,2,53,"A,M,5,5","A","M",5,5
15,"Tube",14,1.244288625,1.955044461,3,60,"A,M,6,6","A","M",6,6
15,"Tube",14,1.072002594,1.937754724,3,61,"A,M,7,7","A","M",7,7
15,"Tube",14,0.862048907,2.189699889,3,65,"A,M,8,8","A","M",8,8
15,"Tube",14,1.104112634,2.503395702,3,70,"A,F,1,9","A","F",1,9
15,"Tube",14,0.822526862,3.496356058,3,78,"A,M,9,10","A","M",9,10
15,"Tube",14,0.857108188,3.834753612,4,80,"A,M,10,11","A","M",10,11
15,"Tube",14,1.030011115,3.943434605,4,85,"A,F,2,12","A","F",2,12
15,"Tube",14,2.65962764,4.069407188,4,109,"A,F,3,13","A","F",3,13
15,"Tube",14,3.387675065,4.121278251,5,123,"A,F,4,14","A","F",4,14
15,"Tube",14,5.421761764,2.222426825,8,210,"A,F,5,15","A","F",5,15
15,"Tube",14,5.271706187,1.895763246,8,213,"A,M,11,16","A","M",11,16
15,"Tube",15,3.458404905,1.245988491,1,7,"A,M,1,1","A","M",1,1
15,"Tube",15,2.740680358,1.913107021,2,14,"A,M,2,2","A","M",2,2
15,"Tube",15,2.533324175,2.035299058,2,15,"A,M,3,3","A","M",3,3
15,"Tube",15,1.037706611,3.490804309,3,34,"A,M,4,4","A","M",4,4
15,"Tube",15,1.040483703,4.208219673,4,38,"A,M,5,5","A","M",5,5
15,"Tube",15,1.423105848,4.065045783,4,39,"A,F,1,6","A","F",1,6
15,"Tube",15,1.91804469,4.264996388,4,40,"A,F,2,7","A","F",2,7
15,"Tube",15,1.997038139,4.155145747,4,41,"A,F,3,8","A","F",3,8
15,"Tube",15,2.346642515,4.110095765,4,42,"A,F,4,9","A","F",4,9
15,"Tube",15,6.946432122,3.734879198,7,46,"A,F,5,10","A","F",5,10
18,"Circle",3,3.892436149,1.102652259,4,28,"A,M,1,1","A","M",1,1
18,"Circle",5,3.665540541,1.813063767,8,36,"A,M,1,1","A","M",1,1
19,"Circle",4,4.073795181,0.670180723,2,48,"A,M,1,1","A","M",1,1
19,"Circle",5,2.878113879,1.881672598,7,19,"A,M,1,1","A","M",1,1
19,"Circle",7,4.354545455,0.729545455,2,41,"A,M,1,1","A","M",1,1
19,"Circle",8,3.901376147,0.583715596,1,45,"A,M,1,1","A","M",1,1
11,"Circle",3,3.552695794,0.545685279,1,14,"A,M,1,1","A","M",1,1
14,"Tube",13,3.439041579,1.041226216,1,12,"A,M,1,1","A","M",1,1
11,"Circle",3,2.828136331,0.736040609,1,94,"A,M,10,10","A","M",10,10
11,"Circle",3,3.088591371,0.608533358,1,17,"A,M,2,2","A","M",2,2
14,"Tube",13,2.589852008,2.122973925,2,57,"A,M,2,2","A","M",2,2
11,"Circle",3,3.939448876,1.411046048,3,35,"A,M,3,3","A","M",3,3
14,"Tube",13,2.845900282,2.040755814,2,58,"A,M,3,3","A","M",3,3
11,"Circle",3,3.915277375,1.604423495,4,36,"A,M,4,4","A","M",4,4
14,"Tube",13,6.101714235,4.335799859,6,113,"A,M,4,4","A","M",4,4
11,"Circle",3,3.799251269,1.725284627,4,46,"A,M,5,5","A","M",5,5
14,"Tube",13,6.214469697,2.007869979,8,151,"A,M,5,5","A","M",5,5
11,"Circle",3,3.736403191,1.879985497,5,47,"A,M,6,6","A","M",6,6
11,"Circle",3,3.173192531,1.631013416,4,55,"A,M,7,7","A","M",7,7
11,"Circle",3,3.388324873,2.058859681,5,52,"A,M,8,8","A","M",8,8
11,"Circle",3,2.64684554,0.989847716,2,91,"A,M,9,9","A","M",9,9
