Colony,Nest,Day,ScaledX,ScaledY,SexID
11,Circle,4,3.473164902,1.170882644,"A,M,1,1"
11,Circle,4,2.812461713,0.837754986,"A,M,2,2"
11,Circle,4,4.124614544,1.426280515,"A,M,3,3"
11,Circle,4,3.745219155,1.846391506,"A,M,4,4"
11,Circle,4,3.49907483,1.809377321,"A,M,5,5"
11,Circle,4,3.608266674,1.779765974,"A,M,6,6"
11,Circle,4,3.682295042,1.950031221,"A,M,7,7"
11,Circle,4,3.971005679,1.924121293,"A,M,8,8"
11,Circle,4,4.054287594,1.753856045,"A,M,9,9"
11,Circle,4,4.227019836,1.84392451,"A,F,1,10"
11,Circle,4,4.380012415,2.379395758,"A,F,2,11"
11,Circle,4,3.474399325,2.495374152,"A,M,10,12"
11,Circle,4,3.245527669,1.7649603,"A,M,11,13"
11,Circle,5,3.722419929,0.754448399,"A,M,1,1"
11,Circle,5,3.444839858,0.943060498,"A,M,2,2"
11,Circle,5,3.81316726,1.233096085,"A,M,3,3"
11,Circle,5,4.327402135,0.975088968,"A,M,4,4"
11,Circle,5,3.951957295,1.28113879,"A,M,5,5"
11,Circle,5,3.731316726,1.355871886,"A,M,6,6"
11,Circle,5,4.197508897,1.473309609,"A,M,7,7"
11,Circle,5,3.247330961,1.912811388,"A,M,8,8"
11,Circle,5,3.596085409,2.008896797,"A,M,9,9"
11,Circle,5,3.364768683,2.080071174,"A,?,?,10"
11,Circle,5,3.939501779,2.295373665,"A,M,10,11"
11,Circle,5,3.754448399,2.53202847,"A,F,1,12"
11,Circle,5,2.212930605,2.669631673,"A,F,2,13"
11,Circle,5,3.225978648,1.654211744,"A,M,11,14"
11,Circle,5,2.632859431,1.599644128,"A,M,12,15"
11,Circle,6,4.208332721,0.702818015,"A,M,1,1"
11,Circle,6,4.117647059,0.690564338,"A,M,2,2"
11,Circle,6,3.453431985,0.945465074,"A,M,3,3"
11,Circle,6,3.198529412,0.962623162,"A,M,4,4"
11,Circle,6,3.063726103,1.045955882,"A,M,5,5"
11,Circle,6,3.512255515,1.288602941,"A,M,6,6"
11,Circle,6,4.159314338,0.962623162,"A,M,7,7"
11,Circle,6,4.272058824,1.126838235,"A,M,8,8"
11,Circle,6,3.816176471,1.653799632,"A,M,9,9"
11,Circle,6,3.725490809,2.161152574,"A,F,1,10"
11,Circle,6,2.850490809,1.624387868,"A,M,10,11"
11,Circle,6,2.924020221,1.751838235,"A,F,2,12"
11,Circle,6,3.781862132,2.271446691,"A,F,3,13"
11,Circle,6,2.150735294,1.930147059,"A,M,11,14"
11,Circle,6,2.643382353,1.917279412,"A,F,4,15"
11,Circle,8,4.11258473,0.5598211,"A,M,1,1"
11,Circle,8,3.90079377,0.884938802,"A,M,2,2"
11,Circle,8,4.105153469,0.92209511,"A,M,3,3"
11,Circle,8,4.058708083,1.288084752,"A,M,4,4"
11,Circle,8,3.553382283,1.589050853,"A,M,5,5"
11,Circle,8,3.670424656,1.57418833,"A,M,6,6"
11,Circle,8,3.363885108,1.934604525,"A,F,1,7"
11,Circle,8,3.698291887,2.020064035,"A,F,2,8"
11,Circle,8,3.278425598,2.328461398,"A,F,3,9"
11,Circle,8,3.075923715,2.179836163,"A,F,4,10"
11,Circle,8,3.393610155,2.768763657,"A,F,5,11"
11,Circle,8,3.928661002,2.581124298,"A,F,6,12"
11,Circle,8,2.743993404,2.230615832,"A,M,7,13"
11,Circle,8,4.199902056,1.596482115,"A,F,7,14"
11,Circle,8,3.976964203,1.57418833,"A,M,8,15"
11,Circle,8,4.888532931,1.056476475,"A,F,8,16"
11,Circle,9,3.227941176,0.558823529,"A,M,1,1"
11,Circle,9,3.202205882,0.863970588,"A,M,2,2"
11,Circle,9,2.860294118,0.886029412,"A,M,3,3"
11,Circle,9,3.742647059,0.78125,"A,M,4,4"
11,Circle,9,4.180147059,1.102941176,"A,M,5,5"
11,Circle,9,4.340073529,1.152573529,"A,M,6,6"
11,Circle,9,3.555147059,3.215685662,"A,F,1,7"
11,Circle,9,3.472426471,1.259191176,"A,M,7,8"
11,Circle,9,3.163602941,1.555147059,"A,F,2,9"
11,Circle,9,3.435661765,1.628676471,"A,M,8,10"
11,Circle,9,3.455882353,1.805147059,"A,M,9,11"
11,Circle,9,3.909926471,1.586397059,"A,M,10,12"
11,Circle,9,3.220588235,2.108455882,"A,F,3,13"
11,Circle,9,3.473038603,2.719976103,"A,M,11,14"
11,Circle,9,3.900123162,2.398897059,"A,F,4,15"
11,Circle,9,3.972426471,2.085170956,"A,F,5,16"
11,Circle,10,3.475972687,0.854595102,"A,M,1,1"
11,Circle,10,3.31991619,1.025514123,"A,M,2,2"
11,Circle,10,5.014243871,1.05523917,"A,F,1,3"
11,Circle,10,3.710676085,2.597844637,"A,F,2,4"
11,Circle,10,3.675998102,2.112336155,"A,F,3,5"
11,Circle,10,3.81471375,1.768021646,"A,F,4,6"
11,Circle,10,4.062423713,1.82747174,"A,F,5,7"
11,Circle,10,3.519941605,1.356823923,"A,F,6,8"
11,Circle,10,3.111840861,1.300470808,"A,M,3,9"
11,Circle,10,3.004087566,1.421228811,"A,M,4,10"
11,Circle,10,2.465321088,0.871315441,"A,M,5,11"
11,Circle,10,2.463463273,1.737057436,"A,F,7,12"
11,Circle,10,2.587936907,2.145776833,"A,M,6,13"
11,Circle,10,3.04310169,1.900545195,"A,F,8,14"
11,Circle,10,2.641813555,2.591652538,"A,F,9,15"
11,Circle,11,3.049213918,0.838856775,"A,M,1,1"
11,Circle,11,2.823392857,0.973858616,"A,M,2,2"
11,Circle,11,4.058050442,3.18728461,"A,F,1,3"
11,Circle,11,2.372361929,1.931148748,"A,F,2,4"
11,Circle,11,2.887210972,2.391997423,"A,F,3,5"
11,Circle,11,3.636474595,1.456798601,"A,M,3,6"
11,Circle,11,4.181393594,1.062836892,"A,M,4,7"
11,Circle,11,4.053755523,1.319342784,"A,M,5,8"
11,Circle,11,3.588610088,2.052037923,"A,F,4,9"
11,Circle,11,3.64015648,2.700049705,"A,F,5,10"
11,Circle,11,4.328668999,2.90746134,"A,F,6,11"
11,Circle,11,3.674521355,2.932008468,"A,F,7,12"
11,Circle,11,4.420103093,1.444526878,"A,F,8,13"
11,Circle,11,4.876656848,1.119293078,"A,?,?,14"
11,Circle,12,3.020597212,0.676337604,"A,M,1,1"
11,Circle,12,3.291885833,0.706480784,"A,M,2,2"
11,Circle,12,3.334589299,1.331951771,"A,M,3,3"
11,Circle,12,3.882191032,1.068198945,"A,M,4,4"
11,Circle,12,2.621200075,2.630619819,"A,F,1,5"
11,Circle,12,2.485555765,2.731098342,"A,F,2,6"
11,Circle,12,3.482793896,2.640668802,"A,F,3,7"
11,Circle,12,3.397386963,3.180732856,"A,F,4,8"
11,Circle,12,3.824415976,1.645943858,"A,F,5,9"
11,Circle,12,4.610022607,0.827053504,"A,F,6,10"
11,Circle,12,4.446119066,1.094574228,"A,F,7,11"
11,Circle,13,4.392254601,1.848159509,"A,F,1,1"
11,Circle,13,4.844708589,2.45398773,"A,F,2,2"
11,Circle,13,3.114135353,1.119631902,"A,F,3,3"
11,Circle,13,3.05278566,1.602760736,"A,F,4,4"
11,Circle,13,2.181110046,1.789365414,"A,F,5,5"
11,Circle,13,2.843174847,0.991819402,"A,M,1,6"
11,Circle,13,3.666282592,0.743865031,"A,M,2,7"
11,Circle,13,4.502172163,1.411042945,"A,F,6,8"
11,Circle,13,4.351355445,0.92791411,"A,M,3,9"
11,Circle,13,2.554319402,2.45398773,"A,F,7,10"
11,Circle,13,2.358128834,0.814162193,"A,?,?,?"
11,Circle,13,4.047800997,1.70117523,"A,F,8,11"
11,Tube,12,6.407945953,3.569987209,"A,M,1,1"
11,Tube,12,4.478563616,1.98297566,"A,M,2,2"
11,Tube,13,6.06314519,3.72825766,"A,M,1,1"
11,Tube,13,6.537055516,3.294681334,"A,M,2,2"
11,Tube,13,5.884168026,1.751954027,"A,M,3,3"
11,Tube,13,5.125408983,1.740610444,"A,M,4,4"
12,Tube,3,3.700638337,1.371105592,"A,M,1,1"
12,Tube,3,2.271891096,1.547706034,"A,M,2,2"
12,Tube,3,2.132082414,1.676477189,"A,M,3,3"
12,Tube,3,1.440397351,2.857492642,"A,F,1,4"
12,Tube,3,1.609639441,2.872209345,"A,M,4,5"
12,Tube,3,2.514716703,3.405689845,"A,M,5,6"
12,Tube,3,3.062301325,3.357247976,"A,F,2,7"
12,Tube,3,3.460264901,3.379935614,"A,M,6,8"
12,Tube,3,3.302060338,3.162864238,"A,M,7,9"
12,Tube,3,3.519131714,3.218051876,"A,M,8,10"
12,Tube,3,3.651582046,3.427764901,"A,M,9,11"
12,Tube,3,3.732523915,3.44616078,"A,M,10,12"
12,Tube,3,4.245768948,3.210080942,"A,M,11,13"
12,Tube,3,4.078979029,3.462717071,"A,M,12,14"
12,Tube,3,4.623497057,3.251777042,"A,M,13,15"
12,Tube,3,4.711797277,3.364606328,"A,F,3,16"
12,Tube,3,4.802551508,3.433283664,"A,M,14,17"
12,Tube,3,5.887293966,3.137110007,"A,M,15,18"
12,Tube,3,5.529188742,3.419179544,"A,M,16,19"
12,Tube,3,6.33124908,2.330143488,"A,M,17,20"
12,Tube,3,6.046725533,1.721854305,"A,M,18,21"
12,Tube,3,4.514348786,1.680156365,"A,M,19,22"
12,Tube,3,4.470198675,1.794210817,"A,F,4,23"
12,Tube,5,3.682142594,0.776836772,"A,M,1,1"
12,Tube,5,3.662490789,1.378653279,"A,M,2,2"
12,Tube,5,3.318594326,1.747113117,"A,F,1,3"
12,Tube,5,2.485261606,1.674649963,"A,M,3,4"
12,Tube,5,2.278924097,1.549373618,"A,M,4,5"
12,Tube,5,2.094694178,1.748341931,"A,M,5,6"
12,Tube,5,2.005650332,1.556129329,"A,M,6,7"
12,Tube,5,1.642102063,1.887743183,"A,M,7,8"
12,Tube,5,1.433308769,1.946696758,"A,F,2,9"
12,Tube,5,1.421026161,2.516580693,"A,F,3,10"
12,Tube,5,1.548760133,2.256203021,"A,F,4,11"
12,Tube,5,1.531564112,2.663964628,"A,M,8,12"
12,Tube,5,1.656840457,3.160156595,"A,M,9,13"
12,Tube,5,1.62736367,3.280521371,"A,M,10,14"
12,Tube,5,1.696144068,3.440186072,"A,M,11,15"
12,Tube,5,1.784574429,3.133137436,"A,M,12,16"
12,Tube,5,2.6958972,3.422991894,"A,F,5,16"
12,Tube,5,3.266396463,3.253500368,"A,M,13,17"
12,Tube,5,4.003316139,3.131908622,"A,M,14,18"
12,Tube,5,4.20412675,3.406411201,"A,F,5,19"
12,Tube,5,4.745762712,3.246131172,"A,M,15,20"
12,Tube,5,4.913411938,3.161385409,"A,M,16,21"
12,Tube,5,5.138785925,3.187177598,"A,M,17,22"
12,Tube,5,5.447678703,3.225865881,"A,F,6,23"
12,Tube,5,6.162490789,3.026897568,"A,M,18,24"
12,Tube,5,6.011422255,2.827929256,"A,M,19,25"
12,Tube,5,6.188282977,2.072586588,"A,M,20,26"
12,Tube,5,6.29513633,1.5899042,"A,M,20,26"
12,Tube,5,6.092483419,1.578850405,"A,M,21,27"
12,Tube,5,5.788504053,1.717022845,"A,F,7,28"
12,Tube,5,5.683492999,1.62736367,"A,M,22,28"
12,Tube,5,4.568288504,1.60525608,"A,M,23,29"
12,Tube,7,3.623323398,0.698584203,"A,M,1,1"
12,Tube,7,3.129657228,1.732488823,"A,M,2,2"
12,Tube,7,2.431073025,1.467958271,"A,M,3,3"
12,Tube,7,2.468330849,1.602086438,"A,M,4,4"
12,Tube,7,2.274590164,1.795827124,"A,M,5,5"
12,Tube,7,1.69709389,1.531296572,"A,M,6,6"
12,Tube,7,1.702682563,1.676602086,"A,M,7,7"
12,Tube,7,1.779061103,2.492548435,"A,M,8,8"
12,Tube,7,1.467958271,3.026266766,"A,M,9,9"
12,Tube,7,1.663561848,3.177160954,"A,M,10,10"
12,Tube,7,1.757637854,3.237704918,"A,M,11,11"
12,Tube,7,1.576005961,3.393256334,"A,M,12,12"
12,Tube,7,2.755836438,3.392945231,"A,M,13,13"
12,Tube,7,3.845007452,3.446348733,"A,M,14,14"
12,Tube,7,4.04247392,3.103576751,"A,F,1,15"
12,Tube,7,3.85494225,3.269994411,"A,M,15,16"
12,Tube,7,4.294584575,3.227770119,"A,M,16,17"
12,Tube,7,4.226279806,3.410333458,"A,F,2,18"
12,Tube,7,4.664679583,3.461251863,"A,M,17,19"
12,Tube,7,4.476527571,3.30942623,"A,M,18,20"
12,Tube,7,4.458830104,3.188338301,"A,M,19,21"
12,Tube,7,4.680514158,3.11661699,"A,M,20,22"
12,Tube,7,4.603204173,3.233979136,"A,M,21,23"
12,Tube,7,4.743852459,3.36438152,"A,F,3,24"
12,Tube,7,5.137853949,3.19485842,"A,M,22,25"
12,Tube,7,5.320417288,3.316877794,"A,F,4,26"
12,Tube,7,5.448956781,3.376490313,"A,M,23,27"
12,Tube,7,5.607302534,3.414679583,"A,M,24,28"
12,Tube,7,5.763785395,3.245776826,"A,M,25,29"
12,Tube,7,6.223919523,2.786264903,"A,F,5,30"
12,Tube,7,6.127980626,2.378912072,"A,M,26,31"
12,Tube,7,5.650149031,1.421385991,"A,F,6,32"
12,Tube,7,5.555761923,1.618852459,"A,M,27,33"
12,Tube,7,5.273845007,1.477272727,"A,F,7,34"
12,Tube,8,3.687702855,1.510768219,"A,M,1,1"
12,Tube,8,2.833709617,1.508264463,"A,M,2,2"
12,Tube,8,2.638367769,1.703606311,"A,M,3,3"
12,Tube,8,2.426746807,1.527047333,"A,F,1,4"
12,Tube,8,2.114951165,1.671675432,"A,M,4,5"
12,Tube,8,1.987227648,1.607813674,"A,M,5,6"
12,Tube,8,1.631605935,1.681692337,"A,M,6,7"
12,Tube,8,1.606560856,1.862007889,"A,M,7,8"
12,Tube,8,1.476333584,1.937139369,"A,M,8,9"
12,Tube,8,1.408715252,1.714250563,"A,M,9,10"
12,Tube,8,1.606560856,2.645880917,"A,M,10,11"
12,Tube,8,1.646632231,2.796143877,"A,M,11,12"
12,Tube,8,1.704231781,2.936388054,"A,?,?,13"
12,Tube,8,3.219383922,3.089782119,"A,M,12,14"
12,Tube,8,3.50864012,3.258827949,"A,M,13,15"
12,Tube,8,3.726521412,3.146130729,"A,M,14,16"
12,Tube,8,4.228024042,3.166791886,"A,M,15,17"
12,Tube,8,4.325694966,3.18933133,"A,M,16,18"
12,Tube,8,4.145379414,3.155522164,"A,M,16,19"
12,Tube,8,4.483471074,3.266341097,"A,M,16,20"
12,Tube,8,4.622464313,3.347107438,"A,M,16,21"
12,Tube,8,4.911720511,3.178061608,"A,F,2,22"
12,Tube,8,6.157024793,3.260706236,"A,M,20,23"
12,Tube,8,6.072501878,2.806160781,"A,F,3,24"
12,Tube,8,6.339218633,2.723516153,"A,F,4,25"
12,Tube,8,6.239669421,2.511269722,"A,M,21,26"
12,Tube,8,6.228399699,2.227648385,"A,?,?,27"
12,Tube,8,6.164537941,1.863260706,"A,M,22,28"
12,Tube,8,6.059353869,1.897069872,"A,M,23,29"
12,Tube,8,5.929752066,1.769346356,"A,M,24,30"
12,Tube,8,6.006761833,1.681066867,"A,M,25,31"
12,Tube,8,6.068745304,1.669797145,"A,M,26,32"
12,Tube,8,6.188955672,1.718632607,"A,M,27,33"
12,Tube,8,6.337340346,1.536438768,"A,M,28,34"
12,Tube,8,5.546581518,1.474455297,"A,F,5,35"
12,Tube,8,4.83095417,1.489481593,"A,M,29,35"
12,Tube,8,4.370773854,1.645379414,"A,M,30,36"
12,Tube,9,3.333333333,1.695906433,"A,M,1,1"
12,Tube,9,3.14875731,1.763523392,"A,M,2,2"
12,Tube,9,2.775950292,1.449195906,"A,M,3,3"
12,Tube,9,2.543859649,1.631335892,"A,M,4,4"
12,Tube,9,2.135721857,1.705652412,"A,M,5,5"
12,Tube,9,2.009014985,1.502192982,"A,M,5,5"
12,Tube,9,1.614278143,1.660575658,"A,M,6,6"
12,Tube,9,1.775096857,1.689815424,"A,M,7,7"
12,Tube,9,1.49122807,1.987085161,"A,M,8,8"
12,Tube,9,1.695906433,2.411061769,"A,M,9,9"
12,Tube,9,1.733675073,2.670564693,"A,M,10,10"
12,Tube,9,3.076876827,3.15911367,"A,F,1,11"
12,Tube,9,3.149976243,3.402777778,"A,F,2,12"
12,Tube,9,4.449318348,3.435672515,"A,M,11,13"
12,Tube,9,4.356725146,3.205409357,"A,M,12,14"
12,Tube,9,5.404482822,3.333333333,"A,F,3,15"
12,Tube,9,5.910696272,3.206017909,"A,M,13,16"
12,Tube,9,6.013035453,3.098806652,"A,M,14,17"
12,Tube,9,6.065423977,2.72721674,"A,M,15,18"
12,Tube,9,5.958210892,2.057139985,"A,F,4,19"
12,Tube,9,6.215277778,1.923123173,"A,M,15,20"
12,Tube,9,6.077607822,1.627070541,"A,M,16,21"
12,Tube,9,5.970394737,1.628289474,"A,M,17,22"
12,Tube,9,5.810794956,1.508894371,"A,M,18,23"
12,Tube,9,5.907041301,1.507675439,"A,M,19,24"
12,Tube,9,5.280824196,1.650219298,"A,M,20,25"
12,Tube,9,5.107821637,1.630725512,"A,M,21,26"
12,Tube,9,5.081017909,1.736719664,"A,M,22,27"
12,Tube,9,5.145590278,1.46747076,"A,M,23,28"
12,Tube,9,4.574195906,1.617324561,"A,M,24,29"
12,Tube,9,4.464546784,1.67093019,"A,M,25,30"
12,Tube,10,3.653774637,0.974339903,"A,M,1,1"
12,Tube,10,2.674475642,1.746621421,"A,M,2,2"
12,Tube,10,2.756290443,1.5681164,"A,M,3,3"
12,Tube,10,2.637287096,1.47886389,"A,M,4,4"
12,Tube,10,2.386885459,1.671625139,"A,M,5,5"
12,Tube,10,2.317465601,1.524111194,"A,M,6,6"
12,Tube,10,1.962936036,1.520392339,"A,M,7,7"
12,Tube,10,1.646833395,1.59600781,"A,M,8,8"
12,Tube,10,1.504276683,1.956117516,"A,M,9,9"
12,Tube,10,1.729267386,2.114168836,"A,M,10,10"
12,Tube,10,1.413164745,2.984380811,"A,M,11,11"
12,Tube,10,1.57493492,2.861658609,"A,M,12,12"
12,Tube,10,1.736705095,2.876534028,"A,F,1,13"
12,Tube,10,2.639146523,3.160407215,"A,M,13,14"
12,Tube,10,2.820132019,3.237262923,"A,M,14,15"
12,Tube,10,2.941613983,3.373620305,"A,F,2,16"
12,Tube,10,3.068055039,3.326515433,"A,M,15,17"
12,Tube,10,3.231684641,3.23912235,"A,M,16,18"
12,Tube,10,3.393454816,3.213090368,"A,M,17,19"
12,Tube,10,3.774637412,3.402751952,"A,M,18,20"
12,Tube,10,4.303333953,3.206271848,"A,M,19,21"
12,Tube,10,3.901697657,3.407089996,"A,M,20,22"
12,Tube,10,4.660343994,3.362463741,"A,F,3,23"
12,Tube,10,4.849386389,3.188917813,"A,M,21,24"
12,Tube,10,6.105740052,2.458782075,"A,M,22,25"
12,Tube,10,6.161522871,2.213337672,"A,M,23,26"
12,Tube,10,6.05243585,2.13896058,"A,M,24,27"
12,Tube,10,5.840461138,1.775753068,"A,M,25,28"
12,Tube,10,5.973099665,1.56129974,"A,M,26,29"
12,Tube,10,5.742530681,1.453452956,"A,M,27,30"
12,Tube,11,3.021776813,1.613797205,"A,M,1,1"
12,Tube,11,2.697003399,1.590507931,"A,M,2,2"
12,Tube,11,2.455311556,1.679884819,"A,M,3,3"
12,Tube,11,2.076410498,1.518126888,"A,M,4,4"
12,Tube,11,2.043680136,1.385951662,"A,M,5,5"
12,Tube,11,1.694990559,1.560927115,"A,M,6,6"
12,Tube,11,1.547709592,2.561682402,"A,M,7,7"
12,Tube,11,1.990810045,3.184794184,"A,M,8,8"
12,Tube,11,1.672331949,3.3081571,"A,M,9,9"
12,Tube,11,2.609516616,3.160247356,"A,M,10,10"
12,Tube,11,2.900302115,3.347809668,"A,M,11,11"
12,Tube,11,4.177996601,3.136329305,"A,M,12,12"
12,Tube,11,4.27366503,3.335220921,"A,M,13,13"
12,Tube,11,4.45367636,3.131293429,"A,M,14,14"
12,Tube,11,4.361782477,3.150175604,"A,M,15,15"
12,Tube,11,5.850641994,3.13255287,"A,M,16,16"
12,Tube,11,6.093277946,3.183534743,"A,M,17,17"
12,Tube,11,6.102719033,2.641616314,"A,M,18,18"
12,Tube,11,5.770392749,2.284743202,"A,M,19,19"
12,Tube,11,5.777001511,1.53228852,"A,F,1,20"
12,Tube,11,5.553247734,1.435045317,"A,F,2,21"
12,Tube,11,5.302114804,1.6918429,"A,M,20,22"
12,Tube,11,5.052870091,1.567220544,"A,M,21,23"
12,Tube,11,4.599697885,1.497356495,"A,M,22,24"
12,Tube,11,4.662009063,1.66163142,"A,M,23,25"
12,Tube,12,3.600151745,1.060318665,"A,M,1,1"
12,Tube,12,3.73292868,1.445371775,"A,M,2,2"
12,Tube,12,2.908763278,1.448216995,"A,M,3,3"
12,Tube,12,2.770295903,1.510811836,"A,M,4,4"
12,Tube,12,2.341616085,1.597116844,"A,M,5,5"
12,Tube,12,2.276176024,1.725151745,"A,M,6,6"
12,Tube,12,1.727996965,1.690060698,"A,M,7,7"
12,Tube,12,1.460546282,2.099772382,"A,M,8,8"
12,Tube,12,1.663505311,3.019726859,"A,M,9,9"
12,Tube,12,1.789643399,3.340288316,"A,M,10,10"
12,Tube,12,1.919575114,3.216047041,"A,M,11,11"
12,Tube,12,1.783952959,3.106980273,"A,M,12,12"
12,Tube,12,2.336874052,3.247344461,"A,M,13,13"
12,Tube,12,2.368171472,3.386760243,"A,M,14,14"
12,Tube,12,2.763657056,3.383915023,"A,M,15,15"
12,Tube,12,3.885622155,3.292867982,"A,M,16,16"
12,Tube,12,4.146433991,3.070940819,"A,M,17,17"
12,Tube,12,5.188732929,3.266312595,"A,M,17,17"
12,Tube,12,5.548179059,3.353566009,"A,M,18,18"
12,Tube,12,5.96452959,3.158194234,"A,M,19,19"
12,Tube,12,6.020485584,2.956183612,"A,M,20,20"
12,Tube,12,6.195940819,2.009673748,"A,F,1,21"
12,Tube,12,5.483687405,1.559180577,"A,M,21,22"
12,Tube,12,5.032245827,1.488050076,"A,M,22,23"
12,Tube,12,4.36646434,1.759294385,"A,M,23,24"
12,Tube,13,3.557987711,1.340245776,"A,M,1,1"
12,Tube,13,3.387096774,1.355606759,"A,M,2,2"
12,Tube,13,3.429339478,1.576420891,"A,M,3,3"
12,Tube,13,3.579109063,1.651305684,"A,M,4,4"
12,Tube,13,3.137480799,1.647465438,"A,M,5,5"
12,Tube,13,1.98156682,1.572580645,"A,M,6,6"
12,Tube,13,1.816436252,1.480414747,"A,M,7,7"
12,Tube,13,1.572580645,1.927803379,"A,M,8,8"
12,Tube,13,1.68202765,1.987327189,"A,M,9,9"
12,Tube,13,1.587941628,2.052611367,"A,M,10,10"
12,Tube,13,1.499615975,2.15437788,"A,M,11,11"
12,Tube,13,1.538018433,2.302227343,"A,M,12,12"
12,Tube,13,1.386328725,2.329109063,"A,M,13,13"
12,Tube,13,1.505376344,2.724654378,"A,M,14,14"
12,Tube,13,2.046850998,3.076036866,"A,M,15,15"
12,Tube,13,4.212110215,3.24500768,"A,M,16,16"
12,Tube,13,4.331157834,3.325652842,"A,M,17,17"
12,Tube,13,5.584356759,3.200844854,"A,M,18,18"
12,Tube,13,5.699564132,3.144521889,"A,M,19,19"
12,Tube,13,5.865336022,1.865720046,"A,M,20,20"
12,Tube,13,5.569637097,1.787634409,"A,M,21,21"
12,Tube,13,5.536353687,1.571941244,"A,M,22,22"
12,Tube,13,4.737582565,1.596261521,"A,F,1,23"
12,Tube,13,4.873271889,1.557859063,"A,M,23,24"
12,Tube,13,4.453404378,1.545059524,"A,M,24,25"
12,Tube,13,4.745263057,1.451612903,"A,M,25,26"
12,Tube,14,3.514020537,1.096958926,"A,M,1,1"
12,Tube,14,3.500197472,1.208530806,"A,M,2,2"
12,Tube,14,3.635466035,1.30035545,"A,M,3,3"
12,Tube,14,3.64468207,1.493548578,"A,M,4,4"
12,Tube,14,3.638757899,1.702869273,"A,M,5,5"
12,Tube,14,3.763165482,1.355977488,"A,M,6,6"
12,Tube,14,3.334650474,1.587020142,"A,M,7,7"
12,Tube,14,3.151658768,1.652843602,"A,M,8,8"
12,Tube,14,2.929172591,1.580436414,"A,M,9,9"
12,Tube,14,2.698789494,1.66864139,"A,M,10,10"
12,Tube,14,2.173183254,1.480055292,"A,M,11,11"
12,Tube,14,1.984597156,1.638033175,"A,M,12,12"
12,Tube,14,1.801935229,1.484004739,"A,M,13,13"
12,Tube,14,1.749605055,1.714060032,"A,M,14,14"
12,Tube,14,1.69628752,1.956951027,"A,F,1,15"
12,Tube,14,1.547195893,1.928317536,"A,M,15,16"
12,Tube,14,1.636058452,3.178317536,"A,M,16,17"
12,Tube,14,1.57385466,3.284952607,"A,M,17,18"
12,Tube,14,3.137835703,3.162519747,"A,M,18,19"
12,Tube,14,3.56042654,3.089454976,"A,M,19,20"
12,Tube,14,4.079778831,3.275408768,"A,?,?,21"
12,Tube,14,5.253751975,3.248420221,"A,M,20,22"
12,Tube,14,5.687861374,3.268825039,"A,M,21,23"
12,Tube,14,5.685886651,3.206951027,"A,M,22,24"
12,Tube,14,5.957083333,2.792916667,"A,M,23,25"
12,Tube,14,6.066350711,2.419036335,"A,M,24,26"
12,Tube,14,5.41271722,1.71307267,"A,M,25,27"
12,Tube,14,4.803185229,1.610716825,"A,M,26,28"
13,Tube,9,5.094304734,1.792714497,"A,M,1,1"
13,Tube,10,4.343283582,0.949626866,"A,M,1,1"
13,Tube,11,4.467840735,0.939892802,"A,M,1,1"
13,Tube,12,4.083343326,0.991047662,"A,M,1,1"
13,Tube,13,4.873076923,1.157692308,"A,M,1,1"
13,Tube,14,4.382022472,1.059390048,"A,M,1,1"
14,Circle,3,3.110658771,0.605107328,"A,M,1,1"
14,Circle,3,3.134715026,1.008512213,"A,M,2,2"
14,Circle,3,3.941524796,1.197261288,"A,M,3,3"
14,Circle,3,3.810140637,1.249074759,"A,M,4,4"
14,Circle,3,3.83234641,1.472982976,"A,M,5,5"
14,Circle,3,2.773871207,1.252775722,"A,M,6,6"
14,Circle,3,4.793362324,1.815321984,"A,M,7,7"
14,Circle,3,4.729213546,1.637675796,"A,M,8,8"
14,Circle,3,4.748950777,1.553787935,"A,M,9,9"
14,Circle,3,4.418948927,1.236737602,"A,M,10,10"
14,Circle,3,4.935233161,0.988156921,"A,M,11,11"
14,Circle,3,4.979644708,1.624722428,"A,M,12,12"
14,Circle,3,5.242413027,1.746854182,"A,M,13,13"
14,Circle,3,5.253515914,1.883789785,"A,M,14,14"
14,Circle,3,4.798297557,2.309400444,"A,M,15,15"
14,Circle,3,3.586848631,2.103380829,"A,M,16,16"
14,Circle,3,3.636195411,2.235381199,"A,M,17,17"
14,Circle,3,3.641130644,2.348876758,"A,M,18,18"
14,Circle,3,3.247594375,2.620281273,"A,M,19,19"
14,Circle,3,3.197631384,2.048482605,"A,M,20,20"
14,Circle,3,2.07253886,2.340242413,"A,M,21,21"
14,Circle,3,2.684431902,1.183073649,"A,M,22,22"
14,Circle,3,3.036639526,2.794226499,"A,M,23,23"
14,Circle,3,2.124352332,2.636935603,"A,M,24,24"
14,Circle,3,3.870590303,3.209350481,"A,M,25,25"
14,Circle,3,4.039600296,2.706637676,"A,M,26,26"
14,Circle,3,4.198741673,2.754750185,"A,M,27,27"
14,Circle,3,4.081545152,2.579570688,"A,M,28,28"
14,Circle,3,4.16173205,2.97742413,"A,M,29,29"
14,Circle,5,4.192739136,0.736372956,"A,M,1,1"
14,Circle,5,4.101074529,0.901369249,"A,M,2,2"
14,Circle,5,3.543753717,0.776705383,"A,M,3,3"
14,Circle,5,4.445733453,0.839037316,"A,M,4,4"
14,Circle,5,4.834391387,0.788315623,"A,M,5,5"
14,Circle,5,4.741503974,1.152530273,"A,M,6,6"
14,Circle,5,3.846857407,1.169640389,"A,M,7,7"
14,Circle,5,3.612196013,1.370081552,"A,M,8,8"
14,Circle,5,4.142629762,1.384747889,"A,M,9,9"
14,Circle,5,3.93974482,1.528965649,"A,M,10,10"
14,Circle,5,4.235515342,1.88829091,"A,M,11,11"
14,Circle,5,4.631506445,2.660106903,"A,M,12,12"
14,Circle,5,3.320092075,2.569665102,"A,M,13,13"
14,Circle,5,3.061597883,2.219506302,"A,M,14,14"
14,Circle,5,2.163895218,2.762160777,"A,M,15,15"
14,Circle,5,2.936323531,1.967734792,"A,M,16,16"
14,Circle,5,3.190538819,1.635296594,"A,M,17,17"
14,Circle,5,2.273892747,1.96528918,"A,M,18,18"
14,Circle,5,2.291004695,1.843070926,"A,M,19,19"
14,Circle,5,2.41811234,1.603520141,"A,M,20,20"
14,Circle,5,2.620384962,1.173306973,"A,M,21,21"
14,Circle,5,3.884746056,2.028843919,"A,M,22,22"
14,Circle,5,3.364091087,1.438523848,"A,M,23,23"
14,Circle,5,3.265093311,1.511855534,"A,M,24,24"
14,Circle,7,3.679829655,0.077429346,"A,M,1,1"
14,Circle,7,3.861788618,0.290360046,"A,M,2,2"
14,Circle,7,3.482384824,0.363917925,"A,M,3,3"
14,Circle,7,3.308168796,0.224545103,"A,M,4,4"
14,Circle,7,3.362369338,0.193573364,"A,M,5,5"
14,Circle,7,4.163763066,0.414247,"A,M,6,6"
14,Circle,7,4.322493225,0.317460317,"A,M,7,7"
14,Circle,7,4.790940767,0.518776616,"A,M,8,8"
14,Circle,7,4.647696477,0.449090205,"A,M,9,9"
14,Circle,7,4.798683701,0.600077429,"A,M,10,10"
14,Circle,7,4.608981804,0.642663569,"A,M,11,11"
14,Circle,7,4.399922571,0.735578784,"A,M,12,12"
14,Circle,7,4.221835075,0.921409214,"A,M,13,13"
14,Circle,7,4.337979094,0.940766551,"A,M,14,14"
14,Circle,7,4.427022842,1.138211382,"A,M,15,15"
14,Circle,7,4.566395664,1.16918312,"A,M,16,16"
14,Circle,7,4.802555168,1.149825784,"A,M,17,17"
14,Circle,7,4.934185056,1.234998064,"A,M,18,18"
14,Circle,7,5.007742935,1.196283391,"A,M,19,19"
14,Circle,7,5.104529617,1.265969803,"A,M,20,20"
14,Circle,7,5.131629888,1.049167635,"A,M,21,21"
14,Circle,7,5.034843206,0.820751065,"A,M,22,22"
14,Circle,7,3.300425861,1.12659698,"A,M,23,23"
14,Circle,8,3.584592283,0.254574383,"A,M,1,1"
14,Circle,8,3.686024264,0.357995227,"A,M,2,2"
14,Circle,8,3.634313842,0.397772474,"A,M,3,3"
14,Circle,8,3.584592283,0.443516309,"A,M,4,4"
14,Circle,8,3.503048926,0.493237868,"A,M,5,5"
14,Circle,8,3.443383055,0.485282418,"A,M,6,6"
14,Circle,8,3.353884248,0.572792363,"A,M,7,7"
14,Circle,8,3.389683771,0.320206842,"A,M,8,8"
14,Circle,8,3.284274065,0.280429594,"A,M,9,9"
14,Circle,8,3.375761734,0.186953063,"A,M,10,10"
14,Circle,8,3.787456245,0.342084328,"A,M,11,11"
14,Circle,8,3.849110979,0.451471758,"A,M,12,12"
14,Circle,8,3.795411695,0.546937152,"A,M,13,13"
14,Circle,8,3.831211217,0.204852824,"A,M,14,14"
14,Circle,8,4.042030628,0.330151154,"A,M,15,15"
14,Circle,8,4.061919252,0.463404932,"A,?,16,16"
14,Circle,10,3.337856884,0.804942201,"A,M,1,1"
14,Circle,10,3.696211661,0.815800758,"A,M,2,2"
14,Circle,10,3.059590327,0.677345503,"A,M,3,3"
14,Circle,10,3.990769107,0.768292281,"A,M,4,4"
14,Circle,10,4.332157007,0.992264016,"A,M,5,5"
14,Circle,10,4.152979618,1.027555853,"A,M,6,6"
14,Circle,10,4.576489809,0.875525875,"A,M,7,7"
14,Circle,10,3.232659396,1.073708284,"A,M,8,8"
14,Circle,10,2.92859944,1.212163538,"A,M,9,9"
14,Circle,10,3.381973207,1.928873092,"A,M,10,10"
14,Circle,10,2.585855493,0.781186944,"A,M,11,11"
14,Circle,10,2.488122372,1.133433401,"A,M,12,12"
14,Circle,10,2.600108239,1.037736387,"A,M,13,13"
14,Circle,11,4.665866347,0.676270508,"A,M,1,1"
14,Circle,11,2.945178071,0.670268107,"A,M,2,2"
14,Circle,11,2.93717487,0.858343337,"A,M,3,3"
14,Circle,11,4.257703081,0.978391357,"A,M,4,4"
14,Circle,11,2.633053221,1.370548219,"A,M,5,5"
14,Circle,11,2.529011605,1.086434574,"A,M,6,6"
14,Circle,11,3.223289316,1.928771509,"A,M,7,7"
14,Circle,11,3.453381353,1.629985994,"A,M,8,8"
14,Circle,11,3.517406963,1.544617847,"A,M,9,9"
14,Circle,11,4.385088035,1.101106443,"A,M,10,10"
14,Circle,12,3.4727749,0.855910359,"A,M,1,1"
14,Circle,12,3.666667331,1.395085657,"A,M,2,2"
14,Circle,12,3.393093625,1.267595618,"A,M,3,3"
14,Circle,12,3.162017928,1.217131474,"A,M,4,4"
14,Circle,12,2.875165339,1.023241036,"A,M,5,5"
14,Circle,12,2.77689243,1.299468127,"A,M,6,6"
14,Circle,12,2.992031873,1.530543825,"A,M,7,7"
14,Circle,12,3.541832669,1.13213745,"A,M,8,8"
14,Circle,12,3.334661355,3.596946215,"A,M,9,9"
14,Circle,13,3.27104642,0.868082219,"A,M,1,1"
14,Circle,13,3.876868607,0.870706137,"A,M,2,2"
14,Circle,13,3.119590873,1.483084186,"A,M,3,3"
14,Circle,13,2.403619197,0.931681747,"A,M,4,4"
14,Circle,13,2.627852085,0.95266129,"A,M,5,5"
14,Circle,14,3.559871173,0.649116878,"A,M,1,1"
14,Circle,14,2.693553025,0.957804332,"A,M,2,2"
14,Circle,14,3.851133308,1.042443988,"A,M,3,3"
14,Circle,14,4.129947722,1.194299851,"A,M,4,4"
14,Circle,14,3.671895071,1.418347647,"A,M,5,5"
14,Circle,14,4.261887603,0.905526512,"A,M,6,6"
14,Circle,14,4.321633682,0.584391337,"A,M,7,7"
14,Circle,14,4.702514937,0.800970874,"A,M,8,8"
14,Circle,15,3.533198224,1.568752827,"A,M,1,1"
14,Circle,15,3.517905758,1.109978831,"A,M,2,2"
14,Circle,15,3.296164993,0.850006901,"A,M,3,3"
14,Circle,15,3.612208664,0.799031375,"A,M,4,4"
14,Circle,15,2.648783274,1.304957779,"A,M,5,5"
14,Circle,15,2.908755205,1.731235283,"A,M,6,6"
14,Tube,12,3.645504732,1.21648265,"A,M,1,1"
14,Tube,12,3.288643533,2.091876972,"A,M,2,2"
14,Tube,12,4.838984621,4.227129338,"A,M,3,3"
14,Tube,12,6.687040615,4.465037461,"A,M,4,4"
14,Tube,12,6.978180205,3.650763013,"A,M,5,5"
14,Tube,12,5.950315457,2.165812303,"A,M,6,6"
14,Tube,14,3.641544118,0.731617647,"A,M,1,1"
14,Tube,14,3.726102941,1.040441176,"A,M,2,2"
14,Tube,14,2.875,1.987132353,"A,M,2,2"
14,Tube,14,2.544117647,2.152573529,"A,M,3,3"
14,Tube,14,2.248161765,4.507352941,"A,M,4,4"
14,Tube,14,4.972426471,4.496323529,"A,M,5,5"
14,Tube,14,5.491420956,4.351102941,"A,M,6,6"
14,Tube,14,5.439950368,4.096200368,"A,M,7,7"
14,Tube,14,6.472426471,4.128676471,"A,?,?,8"
14,Tube,14,7.125,4.009191176,"A,M,8,8"
14,Tube,14,6.977941176,3.40625,"A,M,9,9"
14,Tube,14,7.023897059,2.564338235,"A,M,10,10"
14,Tube,14,6.417279412,2.154411765,"A,M,11,11"
14,Tube,14,6.636029412,1.875,"A,M,12,12"
14,Tube,14,5.733455882,2.251838235,"A,M,13,13"
14,Tube,14,4.665441176,2.145220588,"A,M,14,14"
15,Tube,4,3.667957227,0.646202065,"A,M,1,1"
15,Tube,4,3.791482301,1.516408555,"A,F,1,2"
15,Tube,4,3.807153392,1.473082596,"A,?,?,3"
15,Tube,4,3.573930678,1.667588496,"A,M,2,4"
15,Tube,4,3.891961652,2.087020649,"A,F,2,5"
15,Tube,4,3.427359882,2.01880531,"A,F,3,6"
15,Tube,4,2.943707596,2.082103614,"A,M,3,7"
15,Tube,4,1.873156342,2.260324484,"A,F,4,8"
15,Tube,4,2.018191372,1.87622972,"A,F,5,9"
15,Tube,4,2.079646018,2.05322087,"A,F,6,10"
15,Tube,4,1.012168142,3.451327434,"A,M,4,11"
15,Tube,4,1.09789823,3.878134218,"A,F,7,12"
15,Tube,4,1.504424779,4.306784661,"A,F,8,13"
15,Tube,4,1.841200221,4.277286136,"A,F,9,14"
15,Tube,4,2.31379056,4.370082965,"A,M,5,15"
15,Tube,4,2.426867625,4.309858038,"A,F,10,16"
15,Tube,4,2.485864676,4.126720133,"A,M,6,17"
15,Tube,4,3.207964602,4.301253687,"A,F,11,18"
15,Tube,4,3.473451327,4.148230088,"A,F,12,19"
15,Tube,4,3.537979351,4.19800885,"A,M,7,20"
15,Tube,4,3.748156342,4.202925885,"A,M,8,21"
15,Tube,4,4.483161873,4.024705015,"A,F,13,22"
15,Tube,4,4.347959071,4.175884956,"A,M,9,23"
15,Tube,4,4.415560472,4.242256637,"A,M,10,24"
15,Tube,4,4.508973083,4.279129794,"A,M,11,25"
15,Tube,4,4.617133112,4.17096792,"A,M,12,26"
15,Tube,4,5.063606195,4.16390118,"A,F,14,27"
15,Tube,4,5.391777286,4.399889381,"A,F,15,28"
15,Tube,4,6.457411504,4.124262537,"A,M,13,29"
15,Tube,4,6.693091814,4.123648599,"A,F,16,30"
15,Tube,4,6.893436578,3.383726032,"A,M,14,31"
15,Tube,4,6.856563422,2.931415929,"A,F,17,32"
15,Tube,4,6.695551254,2.721238938,"A,F,18,33"
15,Tube,4,6.95980826,2.069813791,"A,M,15,34"
15,Tube,4,6.618117625,2.048917773,"A,F,19,35"
15,Tube,4,6.286259218,2.013274336,"A,M,16,36"
15,Tube,4,6.457103614,1.865781711,"A,M,17,37"
15,Tube,4,5.355825959,1.898045723,"A,F,20,38"
15,Tube,4,5.293141593,1.983775811,"A,F,20,39"
15,Tube,4,4.900442478,1.882374631,"A,F,21,40"
15,Tube,4,4.888458702,2.137721239,"A,M,18,41"
15,Tube,4,4.519727139,2.168141593,"A,M,19,42"
15,Tube,4,4.604535398,2.299963127,"A,F,22,43"
15,Tube,4,4.659384218,2.159384218,"A,M,20,44"
15,Tube,4,4.943460546,2.150318953,"A,?,?,45"
15,Tube,4,6.730272861,4.078171091,"A,M,21,46"
15,Tube,7,3.585993541,0.856130319,"A,M,1,1"
15,Tube,7,3.45681421,1.106890198,"A,M,2,2"
15,Tube,7,3.787361322,1.3462519,"A,F,1,3"
15,Tube,7,3.565729483,1.381711626,"A,M,3,4"
15,Tube,7,3.667045973,1.703394757,"A,M,4,5"
15,Tube,7,3.460613602,1.847771657,"A,M,5,6"
15,Tube,7,3.493541033,2.193516337,"A,F,2,7"
15,Tube,7,3.364361702,2.164386398,"A,M,6,8"
15,Tube,7,3.318768997,2.083333967,"A,M,7,9"
15,Tube,7,3.121200608,1.959219225,"A,M,8,10"
15,Tube,7,3.050279255,1.904762538,"A,M,9,11"
15,Tube,7,2.494933511,2.035841565,"A,M,10,12"
15,Tube,7,2.326495061,2.11056231,"A,M,11,13"
15,Tube,7,2.008611322,1.99024886,"A,M,12,14"
15,Tube,7,1.776215805,2.083966565,"A,M,13,15"
15,Tube,7,1.764817629,1.952887538,"A,F,3,16"
15,Tube,7,1.595744681,1.905395137,"A,F,4,17"
15,Tube,7,1.481130319,2.199848024,"A,F,5,18"
15,Tube,7,1.103723404,2.10106383,"A,M,14,19"
15,Tube,7,1.074595365,1.855370441,"A,F,6,20"
15,Tube,7,0.835233663,1.879431991,"A,M,15,21"
15,Tube,7,1.006206307,2.246707827,"A,F,7,22"
15,Tube,7,1.106255699,2.482270137,"A,M,16,23"
15,Tube,7,1.184777736,2.139057751,"A,M,17,24"
15,Tube,7,0.90868731,3.06231003,"A,M,18,25"
15,Tube,7,0.870693389,3.252279635,"A,F,8,26"
15,Tube,7,1.065729483,3.900708587,"A,F,9,27"
15,Tube,7,0.754179331,4.104610562,"A,M,19,28"
15,Tube,7,0.795972644,4.209726444,"A,M,20,29"
15,Tube,7,1.510258359,4.085613602,"A,M,21,30"
15,Tube,7,1.607775456,4.053951368,"A,M,22,31"
15,Tube,7,1.869933511,4.273049012,"A,M,23,32"
15,Tube,7,2.633928571,4.151785714,"A,F,10,33"
15,Tube,7,3.204787234,4.135638298,"A,M,24,34"
15,Tube,7,3.223784195,4.071048632,"A,M,25,35"
15,Tube,7,3.53343465,4.207826748,"A,F,11,36"
15,Tube,7,3.670212766,4.395896657,"A,F,12,37"
15,Tube,7,3.802558891,4.161601444,"A,M,26,38"
15,Tube,7,3.772163754,4.061550152,"A,M,27,39"
15,Tube,7,3.665780775,3.991893997,"A,M,28,40"
15,Tube,7,3.986194909,4.098276976,"A,M,29,41"
15,Tube,7,4.25468655,3.998227584,"A,M,30,42"
15,Tube,7,4.830927052,4.128039514,"A,M,31,43"
15,Tube,7,4.98100304,4.179331307,"A,F,13,44"
15,Tube,7,5.879559271,4.166033435,"A,M,32,45"
15,Tube,7,6.356382979,3.977963526,"A,M,33,46"
15,Tube,7,6.641337386,4.147036474,"A,M,34,47"
15,Tube,7,6.419072948,4.245820669,"A,M,35,48"
15,Tube,7,6.791413374,4.378799392,"A,F,14,49"
15,Tube,7,6.736322188,3.436550152,"A,M,36,50"
15,Tube,7,6.941489362,3.447948328,"A,F,15,51"
15,Tube,7,6.926291793,3.11550152,"A,F,16,52"
15,Tube,7,6.797112462,2.824848024,"A,F,17,53"
15,Tube,7,6.686930091,2.828647416,"A,F,18,54"
15,Tube,7,6.964285714,2.344224924,"A,F,19,55"
15,Tube,7,6.871200608,1.996580547,"A,F,20,56"
15,Tube,7,6.675531915,2.070668693,"A,M,37,57"
15,Tube,7,6.572948328,2.17325228,"A,F,21,58"
15,Tube,7,6.580547112,2.374620061,"A,F,22,59"
15,Tube,7,6.017604483,1.896529255,"A,F,23,60"
15,Tube,7,6.084093845,2.269504179,"A,F,24,61"
15,Tube,7,6.054963906,2.10106383,"A,F,25,62"
15,Tube,7,5.583839286,2.022543693,"A,M,38,63"
15,Tube,7,5.460993541,1.914893617,"A,F,26,64"
15,Tube,7,6.396909195,2.084599164,"A,F,27,65"
15,Tube,8,3.707415487,0.473009041,"A,M,1,1"
15,Tube,8,3.721829796,1.255241745,"A,M,2,2"
15,Tube,8,3.577698506,1.323374607,"A,M,3,3"
15,Tube,8,3.534459513,1.392820362,"A,M,4,4"
15,Tube,8,3.63666077,1.677148192,"A,M,5,5"
15,Tube,8,3.141377752,1.801625393,"A,F,1,6"
15,Tube,8,2.749606918,1.836346305,"A,M,6,7"
15,Tube,8,2.91339033,2.051232311,"A,M,7,8"
15,Tube,8,2.819050708,2.083987814,"A,M,8,9"
15,Tube,8,2.449553852,2.158673349,"A,M,9,10"
15,Tube,8,2.329009434,2.106263758,"A,F,2,11"
15,Tube,8,2.213704796,2.02240566,"A,F,3,12"
15,Tube,8,1.649632469,1.885481525,"A,M,10,13"
15,Tube,8,1.839622642,1.829141116,"A,M,11,14"
15,Tube,8,1.935273192,1.905135613,"A,F,4,15"
15,Tube,8,1.867138365,2.006027909,"A,M,12,16"
15,Tube,8,1.666666667,2.000786164,"A,F,5,17"
15,Tube,8,1.561845519,2.171122248,"A,F,6,18"
15,Tube,8,0.915226022,2.078748035,"A,F,7,19"
15,Tube,8,0.904742531,2.374868318,"A,F,8,20"
15,Tube,8,0.784198113,2.284459513,"A,M,13,21"
15,Tube,8,1.09997445,2.558307783,"A,F,9,22"
15,Tube,8,0.83660967,2.481000393,"A,M,14,23"
15,Tube,8,0.903433569,2.820361635,"A,M,15,24"
15,Tube,8,0.844471305,3.092898978,"A,M,16,25"
15,Tube,8,0.941430818,3.534459513,"A,F,10,26"
15,Tube,8,0.826126179,4.154219733,"A,M,17,27"
15,Tube,8,0.709512579,4.209251179,"A,M,18,28"
15,Tube,8,1.173349057,4.22759434,"A,M,19,29"
15,Tube,8,1.217898978,3.999606918,"A,M,20,30"
15,Tube,8,1.304376965,4.297038129,"A,F,11,31"
15,Tube,8,1.524502752,4.126704009,"A,M,21,32"
15,Tube,8,1.595257469,4.289176494,"A,M,22,33"
15,Tube,8,1.679113601,4.10901533,"A,F,12,34"
15,Tube,8,2.79677673,4.162081368,"A,F,13,35"
15,Tube,8,2.807258255,4.025811714,"A,F,14,36"
15,Tube,8,2.934355346,4.193527909,"A,M,23,37"
15,Tube,8,3.320886399,4.175182783,"A,F,15,38"
15,Tube,8,3.239648192,4.052018475,"A,M,24,39"
15,Tube,8,3.641902516,4.082154088,"A,F,16,40"
15,Tube,8,3.740172956,4.150288915,"A,M,25,41"
15,Tube,8,4.143736242,4.223663522,"A,F,17,42"
15,Tube,8,4.050707547,4.097877358,"A,M,26,43"
15,Tube,8,4.304245283,4.081499607,"A,F,18,44"
15,Tube,8,4.750393082,4.229559748,"A,F,19,45"
15,Tube,8,5.713443396,4.051690252,"A,F,20,46"
15,Tube,8,6.073113208,4.108358884,"A,M,27,47"
15,Tube,8,6.535638758,4.384827044,"A,F,21,48"
15,Tube,8,6.813417846,4.270833333,"A,M,28,49"
15,Tube,8,6.750524764,4.124082154,"A,M,29,50"
15,Tube,8,6.783280267,4.14766706,"A,M,30,51"
15,Tube,8,6.79245283,2.870807783,"A,M,31,52"
15,Tube,8,6.916928066,2.784329796,"A,M,32,53"
15,Tube,8,6.802934355,2.393867925,"A,M,33,54"
15,Tube,8,6.932651336,2.273323506,"A,M,34,55"
15,Tube,8,6.868449292,2.104298349,"A,F,22,56"
15,Tube,8,6.501572327,2.146226415,"A,F,23,57"
15,Tube,8,6.830450079,1.979821148,"A,F,24,58"
15,Tube,8,6.310927673,2.124606918,"A,M,35,59"
15,Tube,8,6.116352201,1.916273585,"A,M,36,60"
15,Tube,8,6.21658805,2.053852201,"A,F,25,61"
15,Tube,8,6.088836478,1.802279874,"A,F,26,62"
15,Tube,8,5.860849057,2.044025157,"A,M,37,63"
15,Tube,8,5.322327044,2.085298742,"A,M,38,64"
15,Tube,8,4.677672956,2.199292453,"A,M,39,65"
15,Tube,8,4.976415094,2.142295597,"A,M,40,66"
15,Tube,8,4.722222877,1.981132075,"A,M,41,67"
15,Tube,8,4.874213836,2.026990959,"A,M,42,68"
15,Tube,9,3.81141046,1.281036054,"A,M,1,1"
15,Tube,9,3.671420365,1.254621632,"A,M,2,2"
15,Tube,9,3.815372425,1.665346672,"A,M,3,3"
15,Tube,9,3.543318146,1.712890254,"A,M,4,4"
15,Tube,9,3.810089144,1.922874406,"A,M,5,5"
15,Tube,9,3.549920761,2.163232964,"A,M,6,6"
15,Tube,9,3.151083597,1.868726228,"A,F,1,7"
15,Tube,9,2.461701664,1.830427892,"A,F,2,8"
15,Tube,9,2.667723851,1.947965531,"A,F,3,9"
15,Tube,9,2.415477417,1.896459984,"A,F,4,10"
15,Tube,9,2.752244453,2.142101823,"A,M,7,11"
15,Tube,9,2.571315372,2.171156894,"A,F,5,12"
15,Tube,9,2.142101823,2.123613312,"A,F,6,13"
15,Tube,9,2.511885895,2.033809429,"A,M,8,14"
15,Tube,9,1.662044374,2.082672345,"A,F,7,15"
15,Tube,9,1.971077655,2.002113708,"A,M,9,16"
15,Tube,9,1.951267829,1.937400951,"A,M,10,17"
15,Tube,9,1.218304279,2.106444136,"A,M,11,18"
15,Tube,9,0.996434231,2.237188986,"A,F,8,19"
15,Tube,9,1.137743661,2.390386292,"A,M,12,20"
15,Tube,9,0.82078645,2.916006339,"A,F,9,21"
15,Tube,9,0.82078645,3.342577258,"A,M,13,22"
15,Tube,9,0.876253962,3.489169968,"A,M,14,23"
15,Tube,9,0.902668384,3.623876783,"A,M,15,24"
15,Tube,9,1.078314184,3.844427496,"A,F,10,25"
15,Tube,9,1.053223059,4.202323693,"A,M,16,26"
15,Tube,9,1.135103011,4.384574089,"A,M,17,27"
15,Tube,9,1.449419572,4.447965531,"A,M,18,28"
15,Tube,9,1.663365689,4.214209588,"A,M,19,29"
15,Tube,9,2.206154913,4.290808241,"A,F,11,30"
15,Tube,9,3.204570127,4.308637084,"A,F,12,31"
15,Tube,9,3.398706418,4.196380745,"A,F,13,32"
15,Tube,9,3.705427892,4.372028526,"A,F,14,33"
15,Tube,9,3.847068146,4.129358162,"A,F,15,34"
15,Tube,9,4.047147385,4.238312203,"A,F,16,35"
15,Tube,9,4.176901743,4.140253566,"A,M,20,36"
15,Tube,9,4.226426307,4.345285261,"A,M,21,37"
15,Tube,9,4.354199683,4.124405705,"A,F,17,38"
15,Tube,9,4.595879556,4.094690967,"A,M,22,39"
15,Tube,9,5.104992076,4.300713154,"A,F,18,40"
15,Tube,9,5.934364105,4.239302694,"A,M,23,41"
15,Tube,9,6.299524564,4.220814184,"A,M,24,42"
15,Tube,9,6.994849445,4.358161648,"A,F,19,43"
15,Tube,9,6.857501981,3.980453645,"A,M,25,44"
15,Tube,9,6.909007528,3.697834786,"A,M,26,45"
15,Tube,9,6.766376783,3.627838748,"A,M,27,46"
15,Tube,9,6.9856042,3.577654517,"A,M,28,47"
15,Tube,9,6.819201664,3.061277734,"A,M,29,48"
15,Tube,9,6.757131537,2.768092314,"A,M,30,49"
15,Tube,9,6.840332805,2.717908082,"A,M,31,50"
15,Tube,9,7.029185816,2.609613708,"A,M,32,51"
15,Tube,9,6.861463946,2.256998811,"A,F,20,52"
15,Tube,9,6.437533677,2.171156894,"A,M,33,53"
15,Tube,9,6.333201268,1.967775357,"A,M,34,54"
15,Tube,9,6.182646593,1.961172742,"A,M,35,55"
15,Tube,9,5.677496038,1.95225832,"A,F,21,56"
15,Tube,9,5.708201268,2.039421553,"A,M,36,57"
15,Tube,9,5.805269414,2.159270998,"A,F,22,58"
15,Tube,9,6.010301109,2.308835182,"A,F,23,59"
15,Tube,9,5.830031696,2.277139461,"A,F,24,60"
15,Tube,9,5.344690967,2.128565769,"A,M,36,61"
15,Tube,10,3.593666534,1.043322734,"A,M,1,1"
15,Tube,10,3.781796502,1.17845787,"A,M,2,2"
15,Tube,10,3.858638712,1.17845787,"A,M,3,3"
15,Tube,10,3.698330684,1.273847377,"A,M,4,4"
15,Tube,10,3.640037758,1.534843005,"A,M,5,5"
15,Tube,10,3.056438792,2.013116057,"A,M,6,6"
15,Tube,10,2.700715421,2.2436407,"A,F,1,7"
15,Tube,10,2.567567568,1.848171701,"A,F,2,8"
15,Tube,10,2.26483903,1.824986089,"A,M,7,9"
15,Tube,10,2.124403816,2.267488076,"A,M,8,10"
15,Tube,10,2.095256359,2.161500397,"A,F,3,11"
15,Tube,10,1.993243243,1.998543323,"A,F,4,12"
15,Tube,10,1.942899444,1.86738275,"A,M,9,13"
15,Tube,10,1.802464229,1.862082671,"A,M,10,14"
15,Tube,10,1.689189189,2.217806041,"A,F,5,15"
15,Tube,10,1.63354531,2.112480127,"A,F,6,16"
15,Tube,10,0.995627981,2.395999603,"A,M,11,17"
15,Tube,10,1.189056041,2.308559221,"A,M,12,18"
15,Tube,10,0.751854134,2.849099762,"A,F,7,19"
15,Tube,10,0.921436804,2.801405008,"A,M,13,20"
15,Tube,10,1.011526232,2.896794515,"A,F,8,21"
15,Tube,10,0.746556041,3.07697337,"A,M,14,22"
15,Tube,10,0.998277027,3.439984102,"A,F,9,23"
15,Tube,10,0.839294515,3.559220986,"A,M,15,24"
15,Tube,10,1.045971781,3.606915739,"A,M,16,25"
15,Tube,10,1.157259539,3.783122019,"A,F,10,26"
15,Tube,10,0.815447138,4.013646661,"A,M,17,27"
15,Tube,10,0.921436804,4.14745628,"A,M,18,28"
15,Tube,10,1.084393879,4.309087838,"A,M,19,29"
15,Tube,10,1.328165739,4.311738871,"A,M,20,30"
15,Tube,10,1.897853736,4.240858506,"A,F,11,31"
15,Tube,10,2.551669316,4.313726153,"A,F,12,32"
15,Tube,10,3.312136328,4.207736486,"A,F,13,33"
15,Tube,10,3.630763116,4.217011129,"A,M,21,34"
15,Tube,10,3.662559618,4.372019078,"A,F,14,35"
15,Tube,10,3.932168124,4.181240064,"A,M,22,36"
15,Tube,10,5.526629571,4.153418124,"A,M,23,37"
15,Tube,10,6.61963434,4.02027027,"A,M,24,38"
15,Tube,10,6.778616852,4.113672496,"A,F,15,39"
15,Tube,10,6.963434022,3.824191176,"A,M,25,40"
15,Tube,10,6.748807631,3.842740461,"A,M,26,41"
15,Tube,10,6.934286566,3.530073529,"A,M,27,42"
15,Tube,10,6.98198132,2.276762719,"A,M,28,43"
15,Tube,10,6.176470588,2.109831081,"A,M,29,44"
15,Tube,10,6.240063593,2.128378378,"A,M,30,45"
15,Tube,10,6.212241653,1.934950318,"A,F,16,46"
15,Tube,10,6.040009936,2.027688792,"A,F,17,47"
15,Tube,10,5.76709062,2.063459857,"A,M,31,48"
15,Tube,10,5.329888712,2.129040143,"A,M,32,49"
15,Tube,10,5.136460652,2.266826312,"A,M,33,50"
15,Tube,10,4.956279809,1.956810413,"A,M,34,51"
15,Tube,10,5.229199126,1.919713831,"A,M,35,52"
15,Tube,10,4.765500795,2.225755167,"A,M,36,53"
15,Tube,10,4.705882353,2.027027027,"A,M,37,54"
15,Tube,10,4.878775835,1.969395866,"A,M,38,55"
15,Tube,11,3.961239802,2.048685226,"A,F,1,1"
15,Tube,11,3.414029428,2.030579001,"A,M,1,2"
15,Tube,11,2.752146292,2.292113371,"A,F,2,3"
15,Tube,11,2.544930599,2.251877314,"A,M,2,4"
15,Tube,11,2.715933841,2.098980298,"A,M,3,5"
15,Tube,11,2.573095839,1.986319338,"A,M,4,6"
15,Tube,11,2.55297781,1.889752802,"A,M,5,7"
15,Tube,11,2.355821131,2.056732438,"A,M,6,8"
15,Tube,11,2.048015296,1.929988859,"A,M,7,9"
15,Tube,11,2.092274959,2.068803255,"A,M,8,10"
15,Tube,11,1.933342534,2.155310777,"A,M,9,11"
15,Tube,11,1.769716573,2.042649818,"A,F,3,12"
15,Tube,11,1.611454079,2.206275779,"A,M,10,13"
15,Tube,11,1.887740999,2.262606258,"A,M,11,14"
15,Tube,11,1.44246264,2.292113371,"A,M,12,15"
15,Tube,11,1.370037737,2.152629044,"A,M,13,16"
15,Tube,11,1.340530625,1.905847224,"A,M,14,17"
15,Tube,11,1.036078465,2.167381594,"A,M,15,18"
15,Tube,11,1.092408945,2.56706043,"A,M,16,19"
15,Tube,11,1.190317354,2.896996097,"A,M,17,20"
15,Tube,11,1.026689381,3.18937744,"A,M,18,21"
15,Tube,11,1.084361733,3.412017625,"A,M,19,22"
15,Tube,11,1.060220099,3.607832431,"A,M,20,23"
15,Tube,11,1.002547747,3.858637857,"A,M,21,24"
15,Tube,11,0.994500536,4.231491313,"A,M,22,25"
15,Tube,11,5.325912061,4.228137638,"A,F,4,26"
15,Tube,11,5.824169236,4.181196242,"A,F,5,27"
15,Tube,11,7.069475197,3.060622057,"A,M,23,28"
15,Tube,11,7.123793874,3.030445015,"A,M,24,29"
15,Tube,11,6.842141476,2.996244366,"A,F,6,30"
15,Tube,11,6.864271307,2.607966417,"A,M,25,31"
15,Tube,11,7.037286352,2.529506106,"A,M,26,32"
15,Tube,11,6.791846404,2.25590092,"A,F,7,33"
15,Tube,11,4.959094013,2.026555395,"A,M,27,34"
15,Tube,11,4.938975984,2.274007145,"A,M,28,35"
15,Tube,11,5.046271465,2.103673834,"A,F,8,36"
15,Tube,12,3.500778816,0.652906931,"A,M,1,1"
15,Tube,12,3.522844626,1.165628894,"A,M,2,2"
15,Tube,12,3.431984034,1.686137072,"A,M,3,3"
15,Tube,12,3.541018302,2.240395249,"A,M,4,4"
15,Tube,12,3.117860202,1.919781931,"A,M,5,5"
15,Tube,12,2.511033879,2.105399143,"A,M,6,6"
15,Tube,12,2.157320872,2.158619548,"A,M,7,7"
15,Tube,12,2.280632788,2.115784657,"A,M,8,8"
15,Tube,12,2.008047118,1.914589174,"A,M,9,9"
15,Tube,12,1.774402259,1.792575935,"A,M,10,10"
15,Tube,12,1.116952882,1.929517134,"A,M,11,11"
15,Tube,12,1.175364097,2.809579439,"A,F,1,12"
15,Tube,12,0.967679128,2.840732087,"A,M,12,13"
15,Tube,12,1.05334891,3.611760125,"A,M,13,14"
15,Tube,12,0.800233645,3.70911215,"A,M,14,15"
15,Tube,12,3.647780374,4.221183801,"A,F,2,16"
15,Tube,12,3.771417445,4.248442368,"A,M,15,17"
15,Tube,12,5.011682243,4.094626168,"A,F,3,18"
15,Tube,12,5.582165109,4.221832165,"A,F,4,19"
15,Tube,12,6.606308411,2.498701324,"A,M,16,20"
15,Tube,12,6.615395249,2.185878115,"A,M,17,21"
15,Tube,12,6.211707555,2.050882009,"A,M,18,22"
15,Tube,13,3.753900156,1.304602184,"A,M,1,1"
15,Tube,13,3.445787832,2.039781591,"A,M,2,2"
15,Tube,13,3.098673947,2.211388456,"A,M,3,3"
15,Tube,13,2.810062402,1.971528861,"A,M,4,4"
15,Tube,13,2.236090094,2.124284321,"A,M,5,5"
15,Tube,13,2.068383385,2.099584633,"A,M,6,6"
15,Tube,13,1.008190328,1.981279251,"A,F,1,7"
15,Tube,13,1.192798362,2.290692278,"A,M,7,8"
15,Tube,13,0.875585023,2.498699298,"A,M,8,9"
15,Tube,13,1.091394306,2.912115835,"A,F,2,10"
15,Tube,13,0.880785881,3.182527301,"A,M,9,11"
15,Tube,13,0.729978549,3.283931357,"A,M,10,12"
15,Tube,13,0.956187598,3.887154836,"A,M,11,13"
15,Tube,13,0.755980889,3.725949688,"A,M,12,14"
15,Tube,13,0.722178237,3.892355694,"A,F,3,15"
15,Tube,13,3.602443448,4.164717239,"A,M,13,16"
15,Tube,13,3.786402106,4.205017551,"A,M,14,17"
15,Tube,13,5.14950663,4.177716459,"A,M,15,18"
15,Tube,13,5.323712949,4.094514431,"A,F,4,19"
15,Tube,13,6.760920437,2.414196568,"A,M,16,20"
15,Tube,13,5.037051482,1.989079563,"A,F,5,21"
15,Tube,14,3.782265654,1.267752871,"A,M,1,1"
15,Tube,14,3.246882179,2.043966284,"A,M,2,2"
15,Tube,14,2.733112264,1.928492034,"A,M,3,3"
15,Tube,14,2.20205076,2.190316784,"A,M,4,4"
15,Tube,14,1.503643942,2.081017043,"A,M,5,5"
15,Tube,14,1.244288625,1.955044461,"A,M,6,6"
15,Tube,14,1.072002594,1.937754724,"A,M,7,7"
15,Tube,14,0.862048907,2.189699889,"A,M,8,8"
15,Tube,14,1.104112634,2.503395702,"A,F,1,9"
15,Tube,14,0.822526862,3.496356058,"A,M,9,10"
15,Tube,14,0.857108188,3.834753612,"A,M,10,11"
15,Tube,14,1.030011115,3.943434605,"A,F,2,12"
15,Tube,14,2.65962764,4.069407188,"A,F,3,13"
15,Tube,14,3.387675065,4.121278251,"A,F,4,14"
15,Tube,14,5.421761764,2.222426825,"A,F,5,15"
15,Tube,14,5.271706187,1.895763246,"A,M,11,16"
15,Tube,15,3.458404905,1.245988491,"A,M,1,1"
15,Tube,15,2.740680358,1.913107021,"A,M,2,2"
15,Tube,15,2.533324175,2.035299058,"A,M,3,3"
15,Tube,15,1.037706611,3.490804309,"A,M,4,4"
15,Tube,15,1.040483703,4.208219673,"A,M,5,5"
15,Tube,15,1.423105848,4.065045783,"A,F,1,6"
15,Tube,15,1.91804469,4.264996388,"A,F,2,7"
15,Tube,15,1.997038139,4.155145747,"A,F,3,8"
15,Tube,15,2.346642515,4.110095765,"A,F,4,9"
15,Tube,15,6.946432122,3.734879198,"A,F,5,10"
18,Circle,3,3.892436149,1.102652259,"A,M,1,1"
18,Circle,5,3.665540541,1.813063767,"A,M,1,1"
19,Circle,4,4.073795181,0.670180723,"A,M,1,1"
19,Circle,5,2.878113879,1.881672598,"A,M,1,1"
19,Circle,7,4.354545455,0.729545455,"A,M,1,1"
19,Circle,8,3.901376147,0.583715596,"A,M,1,1"
11,Circle,3,3.552695794,0.545685279,"A,M,1,1"
14,Tube,13,3.439041579,1.041226216,"A,M,1,1"
11,Circle,3,2.828136331,0.736040609,"A,M,10,10"
11,Circle,3,3.088591371,0.608533358,"A,M,2,2"
14,Tube,13,2.589852008,2.122973925,"A,M,2,2"
11,Circle,3,3.939448876,1.411046048,"A,M,3,3"
14,Tube,13,2.845900282,2.040755814,"A,M,3,3"
11,Circle,3,3.915277375,1.604423495,"A,M,4,4"
14,Tube,13,6.101714235,4.335799859,"A,M,4,4"
11,Circle,3,3.799251269,1.725284627,"A,M,5,5"
14,Tube,13,6.214469697,2.007869979,"A,M,5,5"
11,Circle,3,3.736403191,1.879985497,"A,M,6,6"
11,Circle,3,3.173192531,1.631013416,"A,M,7,7"
11,Circle,3,3.388324873,2.058859681,"A,M,8,8"
11,Circle,3,2.64684554,0.989847716,"A,M,9,9"